ref_url,submitter_name,submitter_email,submitter_institution,generation_date,method,rationale,experiment,cluster_label,cluster_rank,N_interactions,∆∆G,comRMSD,ROCS_TanimotoCombo,ROCS_ShapeTanimoto,ROCS_ColorTanimoto,ref_pdb,ref_mols,original SMILES,origin,butcher #BAD,butcher #GOOD,butcher #protein clash,butcher #solvent space,butcher #pocket,butcher #P1,butcher #P2,butcher #P1',butcher #P2',butcher #P3,butcher #P4,butcher #P5,butcher #P6,ID,ROMol,Kate_Good
https://github.com/matteoferla/EV-A71-2A-elaborations,Matteo Ferla,matteo.ferla@stats.ox.ac.uk,University of Oxford,2/14/24,ROCS,rationale,experiment,cluster_label,cluster_rank,N_interactions,∆∆G,comRMSD,ROCS_TanimotoCombo,ROCS_ShapeTanimoto,ROCS_ColorTanimoto,A71x0310a,nan,nan,A71-ROCS-iter2.sdf,14,0,3,11,0,0,0,0,0,0,0,0,0,ver_1.2,<rdkit.Chem.rdchem.Mol object at 0x1694799e0>,FALSE
nan,nan,nan,nan,nan,nan,info info set:bb_whole;hbond:S87+S105+G127; hydroph_interaction:Y89+Y90+V84; ,bb_whole,3,1,6,-11.29999,0.535039,0.435,0.282,0.152,A71x0310a,"A71x0446a,A71x1080a,A71x0812a,A71x0719a,A71x1140a,A71x0528a,A71x0310a",CC(C)(C)OC(=O)N(c1ccccc1Cl)c1nc(S)nc2ccccc12,A71-ROCS-iter2.sdf,4,22,3,1,22,15,2,4,0,1,0,0,0,EN300_26666438,<rdkit.Chem.rdchem.Mol object at 0x169749900>,TRUE
nan,nan,nan,nan,nan,nan,info info set:3d;halogenbond:S105; hbond:S87; saltbridge:D39; ,3d,19,1,3,-0.002186,0.47978,0.31,0.21,0.1,A71x0310a,"A71x0446a,A71x1080a,A71x0812a,A71x0719a,A71x1140a,A71x0528a,A71x0310a",CN1CCN(S(=O)(=O)c2ccc(F)c(Cl)c2)CC1,A71-ROCS-iter2.sdf,3,15,2,1,15,11,3,1,0,0,0,0,0,Z45507458,<rdkit.Chem.rdchem.Mol object at 0x1697884a0>,TRUE
nan,nan,nan,nan,nan,nan,info info set:bb_densepocket2;hbond:S105+S125; hydroph_interaction:P107+E106; ,bb_densepocket2,4,1,5,-3.582513,0.939464,0.621,0.227,0.394,A71x0310a,"A71x0446a,A71x1080a,A71x0812a,A71x0719a,A71x1140a,A71x0528a,A71x0310a",CCOC(=O)c1ccc(N)c(NC)n1,A71-ROCS-iter2.sdf,3,11,0,3,11,11,0,0,0,0,0,0,0,EN300_27782356,<rdkit.Chem.rdchem.Mol object at 0x169788900>,FALSE
nan,nan,nan,nan,nan,nan,info info set:bb_densepocket2;hbond:S125+P107; ,bb_densepocket2,11,1,2,-5.89769,0.57136,0.638,0.201,0.437,A71x0310a,"A71x0446a,A71x1080a,A71x0812a,A71x0719a,A71x1140a,A71x0528a,A71x0310a",CNc1nccc(C)c1N,A71-ROCS-iter2.sdf,1,9,1,0,9,9,0,0,0,0,0,0,0,EN300_2908013,<rdkit.Chem.rdchem.Mol object at 0x1697883c0>,FALSE
nan,nan,nan,nan,nan,nan,info info set:3d;halogenbond:C110; hbond:S87+G127; hydroph_interaction:Y90; ,3d,2,1,4,-2.228437,0.700812,0.338,0.223,0.115,A71x0310a,"A71x0446a,A71x1080a,A71x0812a,A71x0719a,A71x1140a,A71x0528a,A71x0310a",Cc1ccc(F)c(C(=O)N2CCC[C@@H]2C(=O)O)c1,A71-ROCS-iter2.sdf,1,17,1,0,17,11,3,3,0,0,0,0,0,Z1078498278,<rdkit.Chem.rdchem.Mol object at 0x16956eb30>,TRUE
nan,nan,nan,nan,nan,nan,info info set:sulfonimide_joint;hbond:G127+T126+E85+F83; hydroph_interaction:V84; ,sulfonimide_joint,15,1,7,-2.436369,0.705624,0.337,0.178,0.159,A71x0310a,"A71x0446a,A71x1080a,A71x0812a,A71x0719a,A71x1140a,A71x0528a,A71x0310a",CNS(=O)(=O)c1ccc(OS(=O)(=O)F)c(N)c1,A71-ROCS-iter2.sdf,3,14,2,1,14,0,1,0,0,6,1,5,1,EN300_7489981,<rdkit.Chem.rdchem.Mol object at 0x16956e890>,FALSE
nan,nan,nan,nan,nan,nan,info info set:screening_whole;hbond:S87+Q95; hydroph_interaction:P107+Y89+V124; ,screening_whole,18,1,5,-12.891471,0.730983,0.462,0.272,0.189,A71x0310a,"A71x0446a,A71x1080a,A71x0812a,A71x0719a,A71x1140a,A71x0528a,A71x0310a",COc1ccc(C(N)=O)c(Oc2nc(C)nc3scc(-c4ccccc4)c23)c1,A71-ROCS-iter2.sdf,7,21,3,4,21,13,4,2,0,2,0,0,0,Z52591645,<rdkit.Chem.rdchem.Mol object at 0x169748eb0>,TRUE
nan,nan,nan,nan,nan,nan,info info set:screening_whole;halogenbond:P107; hbond:S87+G127; hydroph_interaction:P107+Y89+L22+N19; ,screening_whole,13,1,7,-2.936442,0.930911,0.472,0.275,0.198,A71x0310a,"A71x0446a,A71x1080a,A71x0812a,A71x0719a,A71x1140a,A71x0528a,A71x0310a",CC=Cc1ccc(Oc2nc(C(F)(F)F)nc3ccccc23)c(OC)c1,A71-ROCS-iter2.sdf,6,20,6,0,20,14,4,2,0,0,0,0,0,Z86302940,<rdkit.Chem.rdchem.Mol object at 0x169748dd0>,FALSE
nan,nan,nan,nan,nan,nan,info info set:screening_whole;hbond:S87+E106; hydroph_interaction:P107+Y89+H21; ,screening_whole,6,1,5,-2.687151,0.524828,0.467,0.267,0.2,A71x0310a,"A71x0446a,A71x1080a,A71x0812a,A71x0719a,A71x1140a,A71x0528a,A71x0310a",O=c1[nH]nc(-c2nnc3n2-c2ccccc2SC3)c2ccccc12,A71-ROCS-iter2.sdf,5,19,5,0,19,12,3,4,0,0,0,0,0,Z55915292,<rdkit.Chem.rdchem.Mol object at 0x169748e40>,FALSE
nan,nan,nan,nan,nan,nan,info info set:3d;halogenbond:S125+G127; hbond:S87; hydroph_interaction:Y89+Y90; ,3d,14,1,5,-2.268463,0.601064,0.359,0.213,0.146,A71x0310a,"A71x0446a,A71x1080a,A71x0812a,A71x0719a,A71x1140a,A71x0528a,A71x0310a",O=C(c1ccccc1OC(F)F)N1CCOCC1,A71-ROCS-iter2.sdf,1,17,0,1,17,11,4,2,0,0,0,0,0,Z54409144,<rdkit.Chem.rdchem.Mol object at 0x169748f20>,TRUE
nan,nan,nan,nan,nan,nan,info info set:bb_whole;halogenbond:E85+G127; hbond:S87+S105; hydroph_interaction:V124; saltbridge:H21; ,bb_whole,1,1,6,-5.993787,0.715491,0.422,0.252,0.17,A71x0310a,"A71x0446a,A71x1080a,A71x0812a,A71x0719a,A71x1140a,A71x0528a,A71x0310a",Cc1nc(N(CC(=O)O)C(=O)C(F)(F)F)c2c(C)c(C)sc2n1,A71-ROCS-iter2.sdf,3,20,2,1,20,14,3,3,0,0,0,0,0,EN300_28298106,<rdkit.Chem.rdchem.Mol object at 0x16953d820>,TRUE
nan,nan,nan,nan,nan,nan,info info set:screening_pocket;hbond:S87+S105+Y90+H21; hydroph_interaction:P107; ,screening_pocket,7,1,6,-5.476935,0.811754,0.681,0.261,0.42,A71x0310a,"A71x0446a,A71x1080a,A71x0812a,A71x0719a,A71x1140a,A71x0528a,A71x0310a",CNc1nc(C)ccc1C(=O)N1C[C@@H](C)[C@H](C(N)=O)C1,A71-ROCS-iter2.sdf,2,18,2,0,18,13,1,4,0,0,0,0,0,Z2739892545,<rdkit.Chem.rdchem.Mol object at 0x16953d0b0>,TRUE
nan,nan,nan,nan,nan,nan,info info set:screening_whole;hbond:S87+G127+E88+E85; hydroph_interaction:P107+V84+E85+N129+L100+L131; ,screening_whole,0,1,10,-0.593891,0.843004,0.47,0.237,0.233,A71x0310a,"A71x0446a,A71x1080a,A71x0812a,A71x0719a,A71x1140a,A71x0528a,A71x0310a",Cc1cc(NNS(=O)(=O)C[C@@]23CC[C@@H](CC2=O)C3(C)C)nc2ccccc12,A71-ROCS-iter2.sdf,2,25,2,0,25,11,2,0,0,7,2,3,0,Z55491204,<rdkit.Chem.rdchem.Mol object at 0x16953d4a0>,TRUE
nan,nan,nan,nan,nan,nan,info info set:screening_whole;hbond:S87+G127; hydroph_interaction:Y89+Y90+V124+H21+D109; pistack:H21; ,screening_whole,9,1,8,-4.19091,0.760315,0.474,0.276,0.198,A71x0310a,"A71x0446a,A71x1080a,A71x0812a,A71x0719a,A71x1140a,A71x0528a,A71x0310a",Cc1ccc(Oc2nc3cc(C)nn3c3ccccc23)c([N+](=O)[O-])n1,A71-ROCS-iter2.sdf,2,23,2,0,23,15,5,3,0,0,0,0,0,Z94861526,<rdkit.Chem.rdchem.Mol object at 0x16953d430>,FALSE
nan,nan,nan,nan,nan,nan,info info set:screening_whole;hbond:S87+G127+D39+N19; hydroph_interaction:P107+Y89+Y90+V124+H21+D109; ,screening_whole,10,1,10,-3.18184,0.976872,0.463,0.27,0.193,A71x0310a,"A71x0446a,A71x1080a,A71x0812a,A71x0719a,A71x1140a,A71x0528a,A71x0310a",COc1cc(C(C)=O)ccc1Oc1nc(-c2cccs2)nc2ccccc12,A71-ROCS-iter2.sdf,8,19,6,2,19,13,4,2,0,0,0,0,0,Z31120760,<rdkit.Chem.rdchem.Mol object at 0x16953d040>,FALSE
nan,nan,nan,nan,nan,nan,info info set:3d;hbond:S87+S105+E88; hydroph_interaction:Y89+Y90+V124+V84; ,3d,8,1,7,-5.799255,0.7621,0.345,0.208,0.136,A71x0310a,"A71x0446a,A71x1080a,A71x0812a,A71x0719a,A71x1140a,A71x0528a,A71x0310a",CCOc1ccccc1C(=O)N1CCN[C@H](C)C1,A71-ROCS-iter2.sdf,2,16,1,1,16,11,3,2,0,0,0,0,0,Z1766224104,<rdkit.Chem.rdchem.Mol object at 0x16953dcf0>,FALSE
nan,nan,nan,nan,nan,nan,info info set:screening_pocket;hbond:S87+S125+G127+Y90; hydroph_interaction:P107+Y89+V124+H21+L22+D109; ,screening_pocket,16,1,10,-9.751463,0.55777,0.638,0.27,0.367,A71x0310a,"A71x0446a,A71x1080a,A71x0812a,A71x0719a,A71x1140a,A71x0528a,A71x0310a",CC(C)n1nc2c(c1NC(=O)CN1CCCCCC1=O)CCC2,A71-ROCS-iter2.sdf,7,16,7,0,16,13,0,3,0,0,0,0,0,Z1716137365,<rdkit.Chem.rdchem.Mol object at 0x16953d890>,FALSE
nan,nan,nan,nan,nan,nan,info info set:sulfonimide_whole;hbond:G127+A86+E85; hydroph_interaction:E85+L100+L131; ,sulfonimide_whole,17,1,8,-6.084304,0.968328,0.319,0.182,0.137,A71x0310a,"A71x0446a,A71x1080a,A71x0812a,A71x0719a,A71x1140a,A71x0528a,A71x0310a",COc1cccc(-c2cc(S(N)(=O)=O)[nH]n2)c1,A71-ROCS-iter2.sdf,6,11,3,3,11,0,0,0,0,7,0,2,2,EN300_7424825,<rdkit.Chem.rdchem.Mol object at 0x16953db30>,FALSE
nan,nan,nan,nan,nan,nan,info info set:sulfonimide_whole;hbond:S87+G127+A86; ,sulfonimide_whole,5,1,3,-6.680949,0.62371,0.384,0.233,0.15,A71x0310a,"A71x0446a,A71x1080a,A71x0812a,A71x0719a,A71x1140a,A71x0528a,A71x0310a",NS(=O)(=O)C1c2ccccc2-c2ccccc21,A71-ROCS-iter2.sdf,1,16,0,1,16,13,1,0,0,2,0,0,0,EN300_365277,<rdkit.Chem.rdchem.Mol object at 0x16953dc80>,FALSE
nan,nan,nan,nan,nan,nan,info info set:screening_pocket;hbond:S105+S125; hydroph_interaction:P107+Y89+Y90+E88+H21; ,screening_pocket,12,1,7,-6.437505,0.89417,0.663,0.227,0.437,A71x0310a,"A71x0446a,A71x1080a,A71x0812a,A71x0719a,A71x1140a,A71x0528a,A71x0310a",CNc1ccc(Nc2cc(C)nc(C)n2)cn1,A71-ROCS-iter2.sdf,2,15,0,2,15,11,0,4,0,0,0,0,0,Z1764946926,<rdkit.Chem.rdchem.Mol object at 0x16953d270>,FALSE
nan,nan,nan,nan,nan,nan,info info set:sulfonimide_whole;hbond:T126+G128; hydroph_interaction:E85; ,sulfonimide_whole,15,2,4,-4.778199,0.978353,0.326,0.206,0.12,A71x0310a,"A71x0446a,A71x1080a,A71x0812a,A71x0719a,A71x1140a,A71x0528a,A71x0310a",NS(=O)(=O)c1cccc(Oc2ccccc2)c1,A71-ROCS-iter2.sdf,2,15,1,1,15,7,0,0,0,6,1,1,0,EN300_1723691,<rdkit.Chem.rdchem.Mol object at 0x16953de40>,FALSE
nan,nan,nan,nan,nan,nan,info info set:screening_pocket;hbond:S87+S125+G127; hydroph_interaction:V124; saltbridge:D39; ,screening_pocket,19,2,5,-7.441495,0.607788,0.625,0.234,0.392,A71x0310a,"A71x0446a,A71x1080a,A71x0812a,A71x0719a,A71x1140a,A71x0528a,A71x0310a",CCc1nn(C)cc1NC(=O)[C@@H]1C[C@H](OC)CN1C,A71-ROCS-iter2.sdf,3,16,2,1,16,11,2,3,0,0,0,0,0,Z2057224744,<rdkit.Chem.rdchem.Mol object at 0x16953d970>,FALSE
nan,nan,nan,nan,nan,nan,info info set:sulfonimide_whole;hbond:S87+S125; hydroph_interaction:E106; ,sulfonimide_whole,4,2,3,-6.050994,0.859902,0.346,0.195,0.151,A71x0310a,"A71x0446a,A71x1080a,A71x0812a,A71x0719a,A71x1140a,A71x0528a,A71x0310a",CCOC(=O)c1[nH]c(C)c(S(N)(=O)=O)c1C,A71-ROCS-iter2.sdf,2,14,0,2,14,13,1,0,0,0,0,0,0,EN300_1618086,<rdkit.Chem.rdchem.Mol object at 0x16953d200>,FALSE
nan,nan,nan,nan,nan,nan,info info set:bb_densepocket2;halogenbond:C110+P107; hbond:S125; hydroph_interaction:P107; ,bb_densepocket2,2,2,4,-4.381063,0.71304,0.614,0.259,0.355,A71x0310a,"A71x0446a,A71x1080a,A71x0812a,A71x0719a,A71x1140a,A71x0528a,A71x0310a",CNc1ncc(C2CC2)cc1C(F)(F)F,A71-ROCS-iter2.sdf,1,14,0,1,14,13,0,0,0,1,0,0,0,EN300_359480,<rdkit.Chem.rdchem.Mol object at 0x16953d190>,FALSE
nan,nan,nan,nan,nan,nan,info info set:sulfonimide_whole;hbond:S87+S105+S125+P107; ,sulfonimide_whole,11,2,4,-3.639115,0.651007,0.346,0.215,0.131,A71x0310a,"A71x0446a,A71x1080a,A71x0812a,A71x0719a,A71x1140a,A71x0528a,A71x0310a",NC(=O)c1cc([N+](=O)[O-])c(Cl)c(S(N)(=O)=O)c1,A71-ROCS-iter2.sdf,2,15,2,0,15,13,1,1,0,0,0,0,0,EN300_277778,<rdkit.Chem.rdchem.Mol object at 0x16953df90>,FALSE
nan,nan,nan,nan,nan,nan,info info set:3d;halogenbond:E85; hbond:S105; ,3d,1,2,2,-3.577937,0.504708,0.339,0.23,0.109,A71x0310a,"A71x0446a,A71x1080a,A71x0812a,A71x0719a,A71x1140a,A71x0528a,A71x0310a",Cc1cc(N)n(-c2ccccc2C(F)(F)F)n1,A71-ROCS-iter2.sdf,1,16,0,1,16,14,0,0,0,2,0,0,0,Z55423090,<rdkit.Chem.rdchem.Mol object at 0x16953d120>,TRUE
nan,nan,nan,nan,nan,nan,info info set:screening_whole;hbond:S87+G127+Q95; hydroph_interaction:Y89+Y90; pistack:H21; ,screening_whole,18,2,7,-6.228216,0.818239,0.458,0.264,0.194,A71x0310a,"A71x0446a,A71x1080a,A71x0812a,A71x0719a,A71x1140a,A71x0528a,A71x0310a",Cc1nc(Oc2c(Cl)cccc2C(N)=O)c2c(C)c(-c3ccccc3Cl)sc2n1,A71-ROCS-iter2.sdf,3,26,0,3,26,12,5,4,0,5,0,0,0,Z4967399033,<rdkit.Chem.rdchem.Mol object at 0x169723d60>,FALSE
nan,nan,nan,nan,nan,nan,info info set:screening_pocket;hbond:S87+S105+S125; hydroph_interaction:H21+L22+N19; pistack:Y90; ,screening_pocket,13,2,7,-3.773515,0.991884,0.632,0.227,0.405,A71x0310a,"A71x0446a,A71x1080a,A71x0812a,A71x0719a,A71x1140a,A71x0528a,A71x0310a",CNc1ccc(Nc2ncnc3sc(C)c(C)c23)cn1,A71-ROCS-iter2.sdf,5,15,5,0,15,11,0,4,0,0,0,0,0,Z729056044,<rdkit.Chem.rdchem.Mol object at 0x1697237b0>,FALSE
nan,nan,nan,nan,nan,nan,info info set:sulfonimide_whole;halogenbond:G127; hbond:S87+S125; hydroph_interaction:P107; ,sulfonimide_whole,14,2,4,-0.317492,0.765759,0.376,0.194,0.182,A71x0310a,"A71x0446a,A71x1080a,A71x0812a,A71x0719a,A71x1140a,A71x0528a,A71x0310a",NS(=O)(=O)C[C@]12C[C@H]1CCC2(F)F,A71-ROCS-iter2.sdf,0,13,0,0,13,11,1,1,0,0,0,0,0,EN300_37443701,<rdkit.Chem.rdchem.Mol object at 0x169723dd0>,FALSE
nan,nan,nan,nan,nan,nan,info info set:3d;hbond:S87; hydroph_interaction:Y90+D39; ,3d,8,2,4,-5.735914,0.814618,0.35,0.191,0.159,A71x0310a,"A71x0446a,A71x1080a,A71x0812a,A71x0719a,A71x1140a,A71x0528a,A71x0310a",CC(C)(C)NC(=O)Cc1noc2ccccc12,A71-ROCS-iter2.sdf,2,15,1,1,15,11,4,0,0,0,0,0,0,Z99095183,<rdkit.Chem.rdchem.Mol object at 0x1697235f0>,TRUE
nan,nan,nan,nan,nan,nan,info info set:3d;hbond:S87; hydroph_interaction:Y89+Y90; pication:H21; ,3d,12,2,4,-5.426417,0.446721,0.33,0.218,0.112,A71x0310a,"A71x0446a,A71x1080a,A71x0812a,A71x0719a,A71x1140a,A71x0528a,A71x0310a",O=C(O)c1cccc(CN2CCCCC2)c1,A71-ROCS-iter2.sdf,1,15,0,1,15,10,1,3,0,1,0,0,0,Z2306626585,<rdkit.Chem.rdchem.Mol object at 0x169723c80>,FALSE
nan,nan,nan,nan,nan,nan,info info set:sulfonimide_whole;hbond:S87+G127+A86; ,sulfonimide_whole,5,2,3,-5.036012,0.616755,0.405,0.21,0.195,A71x0310a,"A71x0446a,A71x1080a,A71x0812a,A71x0719a,A71x1140a,A71x0528a,A71x0310a",NS(=O)(=O)Cc1cccc2nccnc12,A71-ROCS-iter2.sdf,0,15,0,0,15,12,2,0,0,1,0,0,0,EN300_263007,<rdkit.Chem.rdchem.Mol object at 0x169723b30>,FALSE
nan,nan,nan,nan,nan,nan,info info set:screening_whole;hbond:S87+G127+E106; hydroph_interaction:P107+Y89+Y90+E88; ,screening_whole,6,2,7,-3.616466,0.697708,0.461,0.263,0.198,A71x0310a,"A71x0446a,A71x1080a,A71x0812a,A71x0719a,A71x1140a,A71x0528a,A71x0310a",C[C@@H]1COc2cccnc2N1C(=O)c1c(O)nc(=O)n2c1CCC2,A71-ROCS-iter2.sdf,0,24,0,0,24,15,4,5,0,0,0,0,0,Z5346215097,<rdkit.Chem.rdchem.Mol object at 0x169723ba0>,TRUE
nan,nan,nan,nan,nan,nan,info info set:screening_pocket;hbond:S87+S105+C110; hydroph_interaction:P107+Y89+Y90; ,screening_pocket,16,2,6,-8.210313,0.456109,0.665,0.232,0.432,A71x0310a,"A71x0446a,A71x1080a,A71x0812a,A71x0719a,A71x1140a,A71x0528a,A71x0310a",CNc1ccc(NC(=O)Cc2c(C)noc2C)cn1,A71-ROCS-iter2.sdf,4,15,3,1,15,8,3,4,0,0,0,0,0,Z2394925055,<rdkit.Chem.rdchem.Mol object at 0x169723660>,FALSE
nan,nan,nan,nan,nan,nan,info info set:sulfonimide_whole;hbond:S87+G127; hydroph_interaction:P107+V84+L131; ,sulfonimide_whole,17,2,6,-4.665717,0.972646,0.368,0.251,0.118,A71x0310a,"A71x0446a,A71x1080a,A71x0812a,A71x0719a,A71x1140a,A71x0528a,A71x0310a",CC(C)(C)OC(=O)COc1cccc(S(N)(=O)=O)c1,A71-ROCS-iter2.sdf,2,17,1,1,17,6,1,0,0,3,2,4,1,EN300_45481960,<rdkit.Chem.rdchem.Mol object at 0x169723890>,FALSE
nan,nan,nan,nan,nan,nan,info info set:screening_whole;hbond:S87+S105+G127; hydroph_interaction:Y89+Y90+V124+H21+E85; ,screening_whole,9,2,9,-5.629875,0.818349,0.463,0.271,0.191,A71x0310a,"A71x0446a,A71x1080a,A71x0812a,A71x0719a,A71x1140a,A71x0528a,A71x0310a",Cc1nc(-n2nnc3cc(C)c(C)cc32)c2c3c(sc2n1)CCCC3,A71-ROCS-iter2.sdf,3,22,2,1,22,14,3,1,0,4,0,0,0,Z56881412,<rdkit.Chem.rdchem.Mol object at 0x169723740>,FALSE
nan,nan,nan,nan,nan,nan,info info set:bb_whole;hbond:S87+S105+G127; hydroph_interaction:P107+Y89+Y90+V84; ,bb_whole,3,2,7,-11.511835,0.6428,0.423,0.272,0.152,A71x0310a,"A71x0446a,A71x1080a,A71x0812a,A71x0719a,A71x1140a,A71x0528a,A71x0310a",CC(C)(C)OC(=O)N(c1ccccc1)c1nc(S)nc2ccccc12,A71-ROCS-iter2.sdf,4,21,3,1,21,16,2,2,0,1,0,0,0,EN300_26666437,<rdkit.Chem.rdchem.Mol object at 0x1697236d0>,TRUE
nan,nan,nan,nan,nan,nan,info info set:sulfonimide_whole;halogenbond:E88; hbond:S87; hydroph_interaction:V124; ,sulfonimide_whole,7,2,3,-8.940783,0.405766,0.357,0.217,0.14,A71x0310a,"A71x0446a,A71x1080a,A71x0812a,A71x0719a,A71x1140a,A71x0528a,A71x0310a",Cc1ccc(S(N)(=O)=O)cc1NC(=O)CCl,A71-ROCS-iter2.sdf,1,15,0,1,15,11,2,1,0,1,0,0,0,EN300_107669,<rdkit.Chem.rdchem.Mol object at 0x169723900>,FALSE
nan,nan,nan,nan,nan,nan,info info set:screening_pocket;halogenbond:S125+D39; hbond:S105+S125; hydroph_interaction:Y89+Y90+H21; pistack:H21; ,screening_pocket,18,3,8,-3.191017,0.567545,0.628,0.229,0.399,A71x0310a,"A71x0446a,A71x1080a,A71x0812a,A71x0719a,A71x1140a,A71x0528a,A71x0310a",CNc1ccc(Nc2ncnc(C)c2Br)cn1,A71-ROCS-iter2.sdf,4,13,1,3,13,10,0,3,0,0,0,0,0,Z3714214241,<rdkit.Chem.rdchem.Mol object at 0x169723970>,FALSE
nan,nan,nan,nan,nan,nan,info info set:screening_pocket;hbond:S87+S105+S125; saltbridge:D39; ,screening_pocket,19,3,4,-2.620226,0.55574,0.631,0.248,0.383,A71x0310a,"A71x0446a,A71x1080a,A71x0812a,A71x0719a,A71x1140a,A71x0528a,A71x0310a",CO[C@H]1C[C@@H](C(=O)Nc2ccc(C)nc2O)N(C)C1,A71-ROCS-iter2.sdf,1,18,1,0,18,12,3,3,0,0,0,0,0,Z2057627275,<rdkit.Chem.rdchem.Mol object at 0x169723a50>,TRUE
nan,nan,nan,nan,nan,nan,info info set:bb_densepocket2;hydroph_interaction:P107+E106; ,bb_densepocket2,4,3,2,-3.906067,0.909196,0.63,0.234,0.397,A71x0310a,"A71x0446a,A71x1080a,A71x0812a,A71x0719a,A71x1140a,A71x0528a,A71x0310a",CCNc1ncc(C(=O)OCC)cc1Cl,A71-ROCS-iter2.sdf,3,12,1,2,12,11,0,1,0,0,0,0,0,EN300_6511692,<rdkit.Chem.rdchem.Mol object at 0x169723cf0>,FALSE
nan,nan,nan,nan,nan,nan,info info set:screening_pocket;hbond:S105+S125; hydroph_interaction:P107+Y89+N19; pistack:Y90; ,screening_pocket,13,3,6,-0.411458,0.737383,0.633,0.241,0.393,A71x0310a,"A71x0446a,A71x1080a,A71x0812a,A71x0719a,A71x1140a,A71x0528a,A71x0310a",COc1cc(C)ncc1CNc1cnc2[nH]ccc2c1,A71-ROCS-iter2.sdf,5,15,5,0,15,11,0,4,0,0,0,0,0,Z8820654813,<rdkit.Chem.rdchem.Mol object at 0x169723ac0>,FALSE
nan,nan,nan,nan,nan,nan,info info set:3d;halogenbond:C110; hbond:G127; ,3d,2,3,2,-3.357941,0.748709,0.334,0.221,0.113,A71x0310a,"A71x0446a,A71x1080a,A71x0812a,A71x0719a,A71x1140a,A71x0528a,A71x0310a",CCC(=O)N(C)c1c(F)cccc1C(=O)O,A71-ROCS-iter2.sdf,1,15,0,1,15,14,1,0,0,0,0,0,0,Z910841134,<rdkit.Chem.rdchem.Mol object at 0x169720190>,FALSE
nan,nan,nan,nan,nan,nan,info info set:3d;halogenbond:E85; hydroph_interaction:P107; ,3d,1,3,2,-2.826654,0.923624,0.335,0.2,0.135,A71x0310a,"A71x0446a,A71x1080a,A71x0812a,A71x0719a,A71x1140a,A71x0528a,A71x0310a",Cc1[nH]ncc1C(=O)N1C[C@@H](F)C[C@H]1CO,A71-ROCS-iter2.sdf,1,15,1,0,15,12,1,0,0,2,0,0,0,Z2060926323,<rdkit.Chem.rdchem.Mol object at 0x169720120>,TRUE
nan,nan,nan,nan,nan,nan,info info set:screening_pocket;hbond:S87+P107; hydroph_interaction:P107+Y90+D109; ,screening_pocket,11,3,5,-1.356348,0.826773,0.662,0.229,0.433,A71x0310a,"A71x0446a,A71x1080a,A71x0812a,A71x0719a,A71x1140a,A71x0528a,A71x0310a",CC(C)Nc1ncccc1NC(=O)C1CC1,A71-ROCS-iter2.sdf,2,14,2,0,14,12,1,1,0,0,0,0,0,Z4351154733,<rdkit.Chem.rdchem.Mol object at 0x169720270>,FALSE
nan,nan,nan,nan,nan,nan,info info set:sulfonimide_joint;hbond:G127+T126+G128; hydroph_interaction:V84; ,sulfonimide_joint,15,3,4,-6.71242,0.645834,0.343,0.207,0.136,A71x0310a,"A71x0446a,A71x1080a,A71x0812a,A71x0719a,A71x1140a,A71x0528a,A71x0310a",NS(=O)(=O)CCCOCc1ccccc1,A71-ROCS-iter2.sdf,1,14,1,0,14,8,0,0,0,2,1,3,0,EN300_206684,<rdkit.Chem.rdchem.Mol object at 0x1697202e0>,TRUE
nan,nan,nan,nan,nan,nan,info info set:screening_whole;halogenbond:G127; hbond:S87; hydroph_interaction:P107+Y89+Y90; ,screening_whole,14,3,5,-2.424555,0.791127,0.462,0.247,0.215,A71x0310a,"A71x0446a,A71x1080a,A71x0812a,A71x0719a,A71x1140a,A71x0528a,A71x0310a",Cc1sc2ncnc(Oc3ccccc3OCC(F)(F)F)c2c1C,A71-ROCS-iter2.sdf,4,20,3,1,20,12,5,2,0,1,0,0,0,Z1082767906,<rdkit.Chem.rdchem.Mol object at 0x1697200b0>,FALSE
nan,nan,nan,nan,nan,nan,info info set:sulfonimide_joint;hbond:G127+E85+N129; hydroph_interaction:V84+E85+L100+L131; ,sulfonimide_joint,17,3,8,-2.019821,0.713548,0.329,0.213,0.116,A71x0310a,"A71x0446a,A71x1080a,A71x0812a,A71x0719a,A71x1140a,A71x0528a,A71x0310a",CC1(C)OB(c2cccc(S(N)(=O)=O)c2)OC1(C)C,A71-ROCS-iter2.sdf,4,15,3,1,15,2,1,0,0,5,1,6,0,EN300_206714,<rdkit.Chem.rdchem.Mol object at 0x169746190>,FALSE
nan,nan,nan,nan,nan,nan,info info set:3d;hbond:G127+E106; hydroph_interaction:V124; ,3d,6,3,3,-6.22998,0.780161,0.348,0.21,0.138,A71x0310a,"A71x0446a,A71x1080a,A71x0812a,A71x0719a,A71x1140a,A71x0528a,A71x0310a",CNC(=O)Cn1c(C)nn(C(C)(C)C)c1=O,A71-ROCS-iter2.sdf,4,12,4,0,12,11,0,0,0,1,0,0,0,Z1624949930,<rdkit.Chem.rdchem.Mol object at 0x1697460b0>,FALSE
nan,nan,nan,nan,nan,nan,info info set:screening_pocket;hbond:S87+S105; hydroph_interaction:P107+Y89+Y90+H21; pication:H21; ,screening_pocket,12,3,8,-5.743045,0.747566,0.643,0.251,0.392,A71x0310a,"A71x0446a,A71x1080a,A71x0812a,A71x0719a,A71x1140a,A71x0528a,A71x0310a",CNc1nc(C)ccc1C(=O)NCc1ccc(C)n1C,A71-ROCS-iter2.sdf,5,15,5,0,15,12,0,3,0,0,0,0,0,Z3044709108,<rdkit.Chem.rdchem.Mol object at 0x169746dd0>,FALSE
nan,nan,nan,nan,nan,nan,info info set:sulfonimide_whole;hbond:S87+G127+A86; ,sulfonimide_whole,5,3,3,-4.70811,0.657785,0.404,0.209,0.196,A71x0310a,"A71x0446a,A71x1080a,A71x0812a,A71x0719a,A71x1140a,A71x0528a,A71x0310a",NS(=O)(=O)Cc1cccc2c1OCCO2,A71-ROCS-iter2.sdf,0,15,0,0,15,12,2,0,0,1,0,0,0,EN300_219365,<rdkit.Chem.rdchem.Mol object at 0x169746e40>,FALSE
nan,nan,nan,nan,nan,nan,info info set:sulfonimide_whole;halogenbond:E88; hbond:S87+S125; ,sulfonimide_whole,7,3,3,-6.03163,0.407871,0.355,0.215,0.14,A71x0310a,"A71x0446a,A71x1080a,A71x0812a,A71x0719a,A71x1140a,A71x0528a,A71x0310a",NS(=O)(=O)c1ccc(Cl)c(NC(=O)CCl)c1,A71-ROCS-iter2.sdf,0,16,0,0,16,12,2,1,0,1,0,0,0,EN300_107837,<rdkit.Chem.rdchem.Mol object at 0x169746eb0>,FALSE
nan,nan,nan,nan,nan,nan,info info set:screening_pocket;hbond:S87+S105+G127; hydroph_interaction:Y89+H21+L22; ,screening_pocket,16,3,7,-3.190615,0.634377,0.644,0.231,0.413,A71x0310a,"A71x0446a,A71x1080a,A71x0812a,A71x0719a,A71x1140a,A71x0528a,A71x0310a",Nc1nccnc1C(=O)OCC(=O)N1CCCCCCC1,A71-ROCS-iter2.sdf,7,14,7,0,14,10,0,4,0,0,0,0,0,Z98003105,<rdkit.Chem.rdchem.Mol object at 0x16971b3c0>,FALSE
nan,nan,nan,nan,nan,nan,info info set:screening_pocket;hbond:S87+Y90+E88; hydroph_interaction:P107; ,screening_pocket,8,3,5,-4.845029,0.593733,0.704,0.259,0.444,A71x0310a,"A71x0446a,A71x1080a,A71x0812a,A71x0719a,A71x1140a,A71x0528a,A71x0310a",Cc1c[nH]c2ncc(C(=O)N[C@H](C)C#N)cc12,A71-ROCS-iter2.sdf,2,15,1,1,15,12,1,2,0,0,0,0,0,Z3542299488,<rdkit.Chem.rdchem.Mol object at 0x16971bdd0>,FALSE
nan,nan,nan,nan,nan,nan,info info set:3d;hbond:S87+S105+G127; hydroph_interaction:P107+Y89+Y90+H21; ,3d,9,3,8,-3.325174,0.863595,0.349,0.204,0.145,A71x0310a,"A71x0446a,A71x1080a,A71x0812a,A71x0719a,A71x1140a,A71x0528a,A71x0310a",Cc1cc(C(=O)N2CC(=O)NCC2(C)C)on1,A71-ROCS-iter2.sdf,1,16,1,0,16,11,2,3,0,0,0,0,0,Z2001735784,<rdkit.Chem.rdchem.Mol object at 0x16971bac0>,TRUE
nan,nan,nan,nan,nan,nan,info info set:screening_whole;hbond:S87+S105+E85; hydroph_interaction:P107+Y89+Y90+V84+E85; ,screening_whole,3,3,10,-5.013019,0.739656,0.466,0.291,0.175,A71x0310a,"A71x0446a,A71x1080a,A71x0812a,A71x0719a,A71x1140a,A71x0528a,A71x0310a",COc1ccc(N2C(=O)c3ccccc3N(C)[C@]23C(=O)Nc2ccccc23)cc1,A71-ROCS-iter2.sdf,2,27,2,0,27,14,3,3,0,7,0,0,0,Z238750748,<rdkit.Chem.rdchem.Mol object at 0x16971bba0>,FALSE
nan,nan,nan,nan,nan,nan,info info set:screening_pocket;hydroph_interaction:P107+E106; ,screening_pocket,4,4,2,-4.231343,0.969708,0.631,0.243,0.388,A71x0310a,"A71x0446a,A71x1080a,A71x0812a,A71x0719a,A71x1140a,A71x0528a,A71x0310a",Cc1nc(-c2ccccc2)ccc1C(=O)OCC#N,A71-ROCS-iter2.sdf,6,13,1,5,13,11,0,2,0,0,0,0,0,Z168123244,<rdkit.Chem.rdchem.Mol object at 0x16971b120>,FALSE
nan,nan,nan,nan,nan,nan,info info set:bb_whole;halogenbond:E85+G127; hbond:S87; saltbridge:H21; ,bb_whole,1,4,4,-1.607427,0.739467,0.416,0.253,0.162,A71x0310a,"A71x0446a,A71x1080a,A71x0812a,A71x0719a,A71x1140a,A71x0528a,A71x0310a",Cc1sc2ncnc(N(C(=O)C(F)(F)F)[C@H](C)C(=O)O)c2c1C,A71-ROCS-iter2.sdf,3,20,2,1,20,14,3,2,0,1,0,0,0,EN300_28298107,<rdkit.Chem.rdchem.Mol object at 0x16971b350>,FALSE
nan,nan,nan,nan,nan,nan,info info set:screening_pocket;hbond:S105+G127+P107; hydroph_interaction:Y90; ,screening_pocket,11,4,4,-3.041789,0.634156,0.643,0.288,0.355,A71x0310a,"A71x0446a,A71x1080a,A71x0812a,A71x0719a,A71x1140a,A71x0528a,A71x0310a",Cc1c(C(=O)NCCn2cnnc2C)c(O)nc2ccccc12,A71-ROCS-iter2.sdf,7,16,5,2,16,12,0,4,0,0,0,0,0,Z1344149943,<rdkit.Chem.rdchem.Mol object at 0x1697baeb0>,FALSE
nan,nan,nan,nan,nan,nan,info info set:3d;halogenbond:C110; hbond:S87; ,3d,2,4,2,-4.200743,0.841773,0.303,0.199,0.104,A71x0310a,"A71x0446a,A71x1080a,A71x0812a,A71x0719a,A71x1140a,A71x0528a,A71x0310a",O=C(c1cc(Cl)ccc1F)N1CCOCC1,A71-ROCS-iter2.sdf,1,15,1,0,15,11,1,3,0,0,0,0,0,Z108673192,<rdkit.Chem.rdchem.Mol object at 0x1697bae40>,FALSE
nan,nan,nan,nan,nan,nan,info info set:sulfonimide_whole;hbond:G127+F83; hydroph_interaction:L100+L131; ,sulfonimide_whole,15,4,5,-4.095492,0.748173,0.324,0.179,0.144,A71x0310a,"A71x0446a,A71x1080a,A71x0812a,A71x0719a,A71x1140a,A71x0528a,A71x0310a",CS(=O)(=O)NCCN1CCC(CO)CC1,A71-ROCS-iter2.sdf,3,12,2,1,12,2,0,0,0,5,1,2,2,EN300_1167129,<rdkit.Chem.rdchem.Mol object at 0x1697baf20>,FALSE
nan,nan,nan,nan,nan,nan,info info set:screening_whole;hbond:S87+G127+Q95; hydroph_interaction:Y90+V124+D109+V132; pistack:H21; ,screening_whole,18,4,8,-0.008227,0.993976,0.461,0.272,0.189,A71x0310a,"A71x0446a,A71x1080a,A71x0812a,A71x0719a,A71x1140a,A71x0528a,A71x0310a",Cc1sc2nc(CN3CCCC3)nc(Oc3ccccc3C(N)=O)c2c1C,A71-ROCS-iter2.sdf,5,22,4,1,22,14,5,2,0,1,0,0,0,Z52596195,<rdkit.Chem.rdchem.Mol object at 0x1697baf90>,FALSE
nan,nan,nan,nan,nan,nan,info info set:screening_whole;hbond:S87+E106; hydroph_interaction:Y89+Y90; ,screening_whole,6,4,4,-4.380585,0.438316,0.459,0.253,0.206,A71x0310a,"A71x0446a,A71x1080a,A71x0812a,A71x0719a,A71x1140a,A71x0528a,A71x0310a",O=c1[nH]nc(-c2nnc3n2CCCCC3)c2ccccc12,A71-ROCS-iter2.sdf,2,19,1,1,19,13,4,2,0,0,0,0,0,Z55729775,<rdkit.Chem.rdchem.Mol object at 0x1697b7040>,FALSE
nan,nan,nan,nan,nan,nan,info info set:screening_pocket;hbond:S87+S105+Y90; hydroph_interaction:P107+Y89+Y90; pication:H21; ,screening_pocket,12,4,7,-2.951507,0.793115,0.656,0.299,0.357,A71x0310a,"A71x0446a,A71x1080a,A71x0812a,A71x0719a,A71x1140a,A71x0528a,A71x0310a",Cc1noc(C)c1CN(C)C(=O)c1c(O)nc2ccccc2c1C,A71-ROCS-iter2.sdf,3,21,1,2,21,14,3,4,0,0,0,0,0,Z1343739145,<rdkit.Chem.rdchem.Mol object at 0x1697b70b0>,FALSE
nan,nan,nan,nan,nan,nan,info info set:3d;hbond:S87+H21; hydroph_interaction:Y89+Y90; ,3d,7,4,4,-2.039936,0.741072,0.317,0.205,0.111,A71x0310a,"A71x0446a,A71x1080a,A71x0812a,A71x0719a,A71x1140a,A71x0528a,A71x0310a",N#CC1(C(=O)N2Cc3ccccc3C2)CCCC1,A71-ROCS-iter2.sdf,2,16,1,1,16,11,3,2,0,0,0,0,0,Z963454974,<rdkit.Chem.rdchem.Mol object at 0x1697b7120>,FALSE
nan,nan,nan,nan,nan,nan,info info set:sulfonimide_whole;hbond:G127+N129; hydroph_interaction:L100+L131; ,sulfonimide_whole,17,4,4,-1.022937,0.930229,0.413,0.251,0.162,A71x0310a,"A71x0446a,A71x1080a,A71x0812a,A71x0719a,A71x1140a,A71x0528a,A71x0310a",NS(=O)(=O)c1cccc(NC(=O)Oc2ccccc2)c1,A71-ROCS-iter2.sdf,3,17,1,2,17,7,0,0,0,4,0,6,0,EN300_39484,<rdkit.Chem.rdchem.Mol object at 0x1697b7190>,FALSE
nan,nan,nan,nan,nan,nan,info info set:sulfonimide_whole;hbond:S87+G127+A86; hydroph_interaction:V124; ,sulfonimide_whole,5,4,4,-5.999694,0.549096,0.369,0.194,0.175,A71x0310a,"A71x0446a,A71x1080a,A71x0812a,A71x0719a,A71x1140a,A71x0528a,A71x0310a",Cc1nn(CCS(N)(=O)=O)c(=O)o1,A71-ROCS-iter2.sdf,0,13,0,0,13,10,2,0,0,1,0,0,0,EN300_317907,<rdkit.Chem.rdchem.Mol object at 0x1697b7270>,TRUE
nan,nan,nan,nan,nan,nan,info info set:screening_pocket;hbond:S87+Y90+E88; hydroph_interaction:P107; ,screening_pocket,8,4,5,-1.632535,0.475227,0.675,0.235,0.44,A71x0310a,"A71x0446a,A71x1080a,A71x0812a,A71x0719a,A71x1140a,A71x0528a,A71x0310a",N#CCNC(=O)c1cncc(C(F)(F)F)c1,A71-ROCS-iter2.sdf,3,13,1,2,13,11,1,1,0,0,0,0,0,Z2164393927,<rdkit.Chem.rdchem.Mol object at 0x1697b72e0>,FALSE
nan,nan,nan,nan,nan,nan,info info set:bb_whole;hbond:S87+S125+G127; hydroph_interaction:Y90+H21; ,bb_whole,9,4,6,-4.391066,0.472442,0.425,0.258,0.167,A71x0310a,"A71x0446a,A71x1080a,A71x0812a,A71x0719a,A71x1140a,A71x0528a,A71x0310a",CC(C)(C)OC(=O)Nc1c(Cl)ncn2c(O)nnc12,A71-ROCS-iter2.sdf,1,18,1,0,18,15,2,1,0,0,0,0,0,EN300_26665158,<rdkit.Chem.rdchem.Mol object at 0x1697b7350>,FALSE
nan,nan,nan,nan,nan,nan,info info set:bb_whole;hbond:S87+S125+G127; hydroph_interaction:P107+Y89+Y90+V84+E85; ,bb_whole,3,4,10,-2.189792,0.831449,0.422,0.289,0.133,A71x0310a,"A71x0446a,A71x1080a,A71x0812a,A71x0719a,A71x1140a,A71x0528a,A71x0310a",N#CCN1C(=O)[C@]2(Nc3ccccc3-c3nc(=O)c(-c4ccc(F)cc4)nn32)c2ccccc21,A71-ROCS-iter2.sdf,7,27,6,1,27,17,3,2,0,4,0,1,0,EN300_6717071,<rdkit.Chem.rdchem.Mol object at 0x1697b73c0>,FALSE
nan,nan,nan,nan,nan,nan,info info set:bb_densepocket2;hbond:S105+G127; hydroph_interaction:P107+Y89+Y90+H21+L22; ,bb_densepocket2,16,4,7,-3.535581,0.582502,0.619,0.234,0.385,A71x0310a,"A71x0446a,A71x1080a,A71x0812a,A71x0719a,A71x1140a,A71x0528a,A71x0310a",Oc1ncc(NCCc2ccccc2)c(O)n1,A71-ROCS-iter2.sdf,3,14,3,0,14,10,0,3,1,0,0,0,0,EN300_6722885,<rdkit.Chem.rdchem.Mol object at 0x1697b7430>,FALSE
nan,nan,nan,nan,nan,nan,info info set:3d;hbond:G127+E106; ,3d,6,5,2,-1.918587,0.963765,0.366,0.211,0.155,A71x0310a,"A71x0446a,A71x1080a,A71x0812a,A71x0719a,A71x1140a,A71x0528a,A71x0310a",CNS(=O)(=O)c1ccc2c3c(cccc13)C(=O)N2,A71-ROCS-iter2.sdf,4,14,4,0,14,12,0,0,0,2,0,0,0,Z56826073,<rdkit.Chem.rdchem.Mol object at 0x1697b74a0>,FALSE
nan,nan,nan,nan,nan,nan,info info set:3d;halogenbond:C110; hbond:S87; ,3d,2,5,2,-0.378576,0.931613,0.319,0.21,0.109,A71x0310a,"A71x0446a,A71x1080a,A71x0812a,A71x0719a,A71x1140a,A71x0528a,A71x0310a",O=S(=O)(c1ccc(F)cc1F)N1CCOCC1,A71-ROCS-iter2.sdf,2,15,0,2,15,12,0,3,0,0,0,0,0,Z45515797,<rdkit.Chem.rdchem.Mol object at 0x1697b7510>,FALSE
nan,nan,nan,nan,nan,nan,info info set:sulfonimide_whole;hbond:S87+G127; hydroph_interaction:L100+I82; ,sulfonimide_whole,15,5,5,-3.718898,0.905002,0.309,0.186,0.123,A71x0310a,"A71x0446a,A71x1080a,A71x0812a,A71x0719a,A71x1140a,A71x0528a,A71x0310a",CC(=O)N1CCC[C@@H](CNS(C)(=O)=O)C1,A71-ROCS-iter2.sdf,1,14,1,0,14,2,1,0,0,5,1,4,1,EN300_7530327,<rdkit.Chem.rdchem.Mol object at 0x1697b7580>,FALSE
nan,nan,nan,nan,nan,nan,info info set:3d;halogenbond:D39; hbond:S87+G127; hydroph_interaction:Y89; ,3d,18,5,4,-3.357122,0.604477,0.326,0.217,0.109,A71x0310a,"A71x0446a,A71x1080a,A71x0812a,A71x0719a,A71x1140a,A71x0528a,A71x0310a",CO[C@H]1C[C@@H](CO)N(C(=O)c2cccc(Cl)c2)C1,A71-ROCS-iter2.sdf,2,16,1,1,16,13,1,2,0,0,0,0,0,Z2055842473,<rdkit.Chem.rdchem.Mol object at 0x1697b75f0>,FALSE
nan,nan,nan,nan,nan,nan,info info set:bb_densepocket2;hbond:G127+P107; ,bb_densepocket2,11,5,2,-4.527532,0.819452,0.613,0.214,0.399,A71x0310a,"A71x0446a,A71x1080a,A71x0812a,A71x0719a,A71x1140a,A71x0528a,A71x0310a",CNc1ncccc1C(N)=O,A71-ROCS-iter2.sdf,0,11,0,0,11,11,0,0,0,0,0,0,0,EN300_82953,<rdkit.Chem.rdchem.Mol object at 0x1697b7660>,FALSE
nan,nan,nan,nan,nan,nan,info info set:screening_pocket;hbond:S87+S105+C110; hydroph_interaction:Y89; ,screening_pocket,16,5,4,-3.495724,0.621095,0.673,0.255,0.418,A71x0310a,"A71x0446a,A71x1080a,A71x0812a,A71x0719a,A71x1140a,A71x0528a,A71x0310a",Cc1nc(O)nc(O)c1NC(=O)Cc1cccnc1,A71-ROCS-iter2.sdf,4,15,3,1,15,10,1,4,0,0,0,0,0,Z1375235618,<rdkit.Chem.rdchem.Mol object at 0x1697b76d0>,FALSE
nan,nan,nan,nan,nan,nan,info info set:sulfonimide_whole;hbond:S87+G127+A86; hydroph_interaction:P107; ,sulfonimide_whole,5,5,4,-4.500111,0.590884,0.356,0.196,0.16,A71x0310a,"A71x0446a,A71x1080a,A71x0812a,A71x0719a,A71x1140a,A71x0528a,A71x0310a",NS(=O)(=O)c1nnsc1-c1ccccc1,A71-ROCS-iter2.sdf,0,15,0,0,15,9,3,0,0,3,0,0,0,EN300_6760189,<rdkit.Chem.rdchem.Mol object at 0x1697b7740>,FALSE
nan,nan,nan,nan,nan,nan,info info set:sulfonimide_whole;hbond:G127+E85; hydroph_interaction:V84+E85+L100+L131; ,sulfonimide_whole,17,5,7,-2.674577,0.870788,0.31,0.189,0.121,A71x0310a,"A71x0446a,A71x1080a,A71x0812a,A71x0719a,A71x1140a,A71x0528a,A71x0310a",C[C@@H]1Cc2cc(S(N)(=O)=O)ccc2N1C(=O)CCl,A71-ROCS-iter2.sdf,3,15,2,1,15,1,0,0,0,5,1,6,2,EN300_23819,<rdkit.Chem.rdchem.Mol object at 0x1697b77b0>,FALSE
nan,nan,nan,nan,nan,nan,info info set:3d;halogenbond:S105+P107; hbond:S87; pication:H21; ,3d,12,5,4,-3.987594,0.568536,0.328,0.22,0.107,A71x0310a,"A71x0446a,A71x1080a,A71x0812a,A71x0719a,A71x1140a,A71x0528a,A71x0310a",N#Cc1cc(CN2C[C@@H](F)C[C@H]2CO)ccc1F,A71-ROCS-iter2.sdf,0,18,0,0,18,11,3,4,0,0,0,0,0,Z2057686868,<rdkit.Chem.rdchem.Mol object at 0x1697b7820>,FALSE
nan,nan,nan,nan,nan,nan,info info set:sulfonimide_whole;hbond:S87+S125+G127+E88; hydroph_interaction:P107; ,sulfonimide_whole,8,5,5,-1.668027,0.452461,0.355,0.199,0.156,A71x0310a,"A71x0446a,A71x1080a,A71x0812a,A71x0719a,A71x1140a,A71x0528a,A71x0310a",NS(=O)(=O)c1ccc2nnnn2n1,A71-ROCS-iter2.sdf,1,12,0,1,12,10,1,1,0,0,0,0,0,EN300_279345,<rdkit.Chem.rdchem.Mol object at 0x1697b7890>,FALSE
nan,nan,nan,nan,nan,nan,info info set:screening_whole;hbond:S87+S125+G127; hydroph_interaction:Y89+Y90+H21+V84; ,screening_whole,9,5,8,-7.184718,0.532872,0.459,0.255,0.204,A71x0310a,"A71x0446a,A71x1080a,A71x0812a,A71x0719a,A71x1140a,A71x0528a,A71x0310a",O=C(Nn1cnc2ccccc21)c1ccccc1-n1cccn1,A71-ROCS-iter2.sdf,4,19,4,0,19,13,5,1,0,0,0,0,0,Z425224490,<rdkit.Chem.rdchem.Mol object at 0x1697b7900>,FALSE
nan,nan,nan,nan,nan,nan,info info set:sulfonimide_whole;hbond:S87+S125+G127+E85; hydroph_interaction:P107+Y89+Y90; ,sulfonimide_whole,3,5,8,-5.42522,0.899133,0.377,0.208,0.169,A71x0310a,"A71x0446a,A71x1080a,A71x0812a,A71x0719a,A71x1140a,A71x0528a,A71x0310a",CC(C)(C)OC(=O)NC1(CS(N)(=O)=O)CCCC1,A71-ROCS-iter2.sdf,2,16,2,0,16,10,3,2,0,1,0,0,0,EN300_1873712,<rdkit.Chem.rdchem.Mol object at 0x1697b7970>,FALSE
nan,nan,nan,nan,nan,nan,info info set:bb_whole;halogenbond:T126; hbond:S87+G127; hydroph_interaction:Y89+Y90+H21+D39; ,bb_whole,7,5,8,-0.347927,0.971669,0.415,0.263,0.153,A71x0310a,"A71x0446a,A71x1080a,A71x0812a,A71x0719a,A71x1140a,A71x0528a,A71x0310a",CC(C)c1ccc(-c2cc(C(F)(F)F)n3ncc(C(=O)O)c3n2)cc1,A71-ROCS-iter2.sdf,8,17,7,1,17,12,2,2,0,1,0,0,0,EN300_228917,<rdkit.Chem.rdchem.Mol object at 0x1697b79e0>,FALSE
nan,nan,nan,nan,nan,nan,info info set:screening_pocket;hbond:S105+G127+P107; hydroph_interaction:V124+D109; ,screening_pocket,11,6,5,-0.93309,0.652126,0.627,0.255,0.372,A71x0310a,"A71x0446a,A71x1080a,A71x0812a,A71x0719a,A71x1140a,A71x0528a,A71x0310a",Cc1ccc(Nc2ncc([N+](=O)[O-])c(NC3CC3)n2)cc1,A71-ROCS-iter2.sdf,10,11,3,7,11,11,0,0,0,0,0,0,0,Z324800370,<rdkit.Chem.rdchem.Mol object at 0x1697b7a50>,FALSE
nan,nan,nan,nan,nan,nan,info info set:3d;halogenbond:C110; hbond:S87; ,3d,2,6,2,-0.308329,0.713969,0.312,0.214,0.098,A71x0310a,"A71x0446a,A71x1080a,A71x0812a,A71x0719a,A71x1140a,A71x0528a,A71x0310a",O=S(=O)(c1cc(F)ccc1F)N1CCNCC1,A71-ROCS-iter2.sdf,2,15,0,2,15,13,1,1,0,0,0,0,0,Z94598474,<rdkit.Chem.rdchem.Mol object at 0x1697b7ac0>,FALSE
nan,nan,nan,nan,nan,nan,info info set:sulfonimide_whole;hbond:G127+E85; hydroph_interaction:V84+L100+I82; ,sulfonimide_whole,15,6,7,-5.476799,0.747754,0.298,0.17,0.127,A71x0310a,"A71x0446a,A71x1080a,A71x0812a,A71x0719a,A71x1140a,A71x0528a,A71x0310a",COc1ccc(CNS(C)(=O)=O)cc1N,A71-ROCS-iter2.sdf,3,12,3,0,12,1,0,0,0,5,2,2,2,EN300_244391,<rdkit.Chem.rdchem.Mol object at 0x1697b7b30>,TRUE
nan,nan,nan,nan,nan,nan,info info set:screening_pocket;halogenbond:D39; hbond:S105; hydroph_interaction:P107+Y89; ,screening_pocket,18,6,4,-1.878116,0.755596,0.637,0.211,0.425,A71x0310a,"A71x0446a,A71x1080a,A71x0812a,A71x0719a,A71x1140a,A71x0528a,A71x0310a",C[C@@H]1[C@@H](C(=O)Nc2ccc(N)nc2)C1(F)F,A71-ROCS-iter2.sdf,2,14,1,1,14,10,3,1,0,0,0,0,0,Z8525314575,<rdkit.Chem.rdchem.Mol object at 0x1697b7ba0>,FALSE
nan,nan,nan,nan,nan,nan,info info set:screening_pocket;hbond:S87+S105; hydroph_interaction:P107+Y89+H21+L22; ,screening_pocket,16,6,6,-0.179432,0.852833,0.633,0.218,0.414,A71x0310a,"A71x0446a,A71x1080a,A71x0812a,A71x0719a,A71x1140a,A71x0528a,A71x0310a",C[C@@H]1CN(C(=O)c2cc3ccccc3c(=O)o2)C[C@H]1C(N)=O,A71-ROCS-iter2.sdf,6,16,6,0,16,14,0,2,0,0,0,0,0,Z2061495052,<rdkit.Chem.rdchem.Mol object at 0x1697b7c10>,FALSE
nan,nan,nan,nan,nan,nan,info info set:sulfonimide_whole;hbond:S87+G127+E106; ,sulfonimide_whole,6,6,3,-0.344887,0.462288,0.364,0.2,0.164,A71x0310a,"A71x0446a,A71x1080a,A71x0812a,A71x0719a,A71x1140a,A71x0528a,A71x0310a",CS(=O)(=O)Nc1cccc2c1CCNC2,A71-ROCS-iter2.sdf,2,13,1,1,13,9,2,0,0,2,0,0,0,EN300_52071,<rdkit.Chem.rdchem.Mol object at 0x1697b7c80>,FALSE
nan,nan,nan,nan,nan,nan,info info set:screening_pocket;hbond:E88; hydroph_interaction:P107+Y89+E88; ,screening_pocket,12,6,5,-1.877417,0.873357,0.652,0.222,0.43,A71x0310a,"A71x0446a,A71x1080a,A71x0812a,A71x0719a,A71x1140a,A71x0528a,A71x0310a",O=C(NCCc1ccccn1)c1cccnc1O,A71-ROCS-iter2.sdf,1,17,1,0,17,10,0,7,0,0,0,0,0,Z184883800,<rdkit.Chem.rdchem.Mol object at 0x1697b7d60>,FALSE
nan,nan,nan,nan,nan,nan,info info set:sulfonimide_joint;hbond:G127+N129; hydroph_interaction:L100+L131; ,sulfonimide_joint,17,6,6,-4.741869,0.735751,0.333,0.217,0.116,A71x0310a,"A71x0446a,A71x1080a,A71x0812a,A71x0719a,A71x1140a,A71x0528a,A71x0310a",Cc1cc(B2OC(C)(C)C(C)(C)O2)cc(S(N)(=O)=O)c1,A71-ROCS-iter2.sdf,6,14,4,2,14,3,0,0,0,5,0,6,0,EN300_12622197,<rdkit.Chem.rdchem.Mol object at 0x1697b7e40>,FALSE
nan,nan,nan,nan,nan,nan,info info set:sulfonimide_whole;hbond:S87+G127+A86; hydroph_interaction:P107; ,sulfonimide_whole,5,6,4,-5.463312,0.553948,0.355,0.188,0.167,A71x0310a,"A71x0446a,A71x1080a,A71x0812a,A71x0719a,A71x1140a,A71x0528a,A71x0310a",NS(=O)(=O)CCc1ccncc1Br,A71-ROCS-iter2.sdf,0,13,0,0,13,10,1,0,0,2,0,0,0,EN300_7456597,<rdkit.Chem.rdchem.Mol object at 0x1697b7eb0>,FALSE
nan,nan,nan,nan,nan,nan,info info set:3d;hbond:S87+E88; hydroph_interaction:P107+Y90+D39; ,3d,8,6,6,-0.87522,0.843795,0.354,0.213,0.142,A71x0310a,"A71x0446a,A71x1080a,A71x0812a,A71x0719a,A71x1140a,A71x0528a,A71x0310a",CC(C)c1cc(C(=O)N2CCCC23CCOCC3)no1,A71-ROCS-iter2.sdf,2,18,2,0,18,14,4,0,0,0,0,0,0,Z1556902364,<rdkit.Chem.rdchem.Mol object at 0x1697b7f20>,FALSE
nan,nan,nan,nan,nan,nan,info info set:screening_whole;halogenbond:P107; hbond:S87; hydroph_interaction:P107+Y89+Y90+H21; pistack:H21; ,screening_whole,9,6,7,-1.397278,0.634819,0.48,0.28,0.2,A71x0310a,"A71x0446a,A71x1080a,A71x0812a,A71x0719a,A71x1140a,A71x0528a,A71x0310a",Cc1ccc(Oc2nc(C(F)(F)F)nc3ccccc23)c([N+](=O)[O-])n1,A71-ROCS-iter2.sdf,4,21,4,0,21,13,5,3,0,0,0,0,0,Z86280727,<rdkit.Chem.rdchem.Mol object at 0x1697b7f90>,FALSE
nan,nan,nan,nan,nan,nan,info info set:screening_whole;hbond:S87+G127; hydroph_interaction:Y90+V124+V84+D109; pistack:H21; ,screening_whole,3,6,7,-7.463033,0.594977,0.484,0.285,0.199,A71x0310a,"A71x0446a,A71x1080a,A71x0812a,A71x0719a,A71x1140a,A71x0528a,A71x0310a",CCOc1ccccc1Oc1nc2cc(C)nn2c2ccccc12,A71-ROCS-iter2.sdf,3,21,2,1,21,14,4,3,0,0,0,0,0,Z98405516,<rdkit.Chem.rdchem.Mol object at 0x1697cc040>,FALSE
nan,nan,nan,nan,nan,nan,info info set:sulfonimide_whole;halogenbond:E88; hbond:S87; hydroph_interaction:Y90; ,sulfonimide_whole,7,6,3,-7.725132,0.382562,0.347,0.207,0.14,A71x0310a,"A71x0446a,A71x1080a,A71x0812a,A71x0719a,A71x1140a,A71x0528a,A71x0310a",C[C@@H](Cl)C(=O)Nc1cccc(S(N)(=O)=O)c1,A71-ROCS-iter2.sdf,1,15,0,1,15,11,3,0,0,1,0,0,0,EN300_23326,<rdkit.Chem.rdchem.Mol object at 0x1697cc120>,FALSE
nan,nan,nan,nan,nan,nan,info info set:screening_pocket;hbond:E106; hydroph_interaction:P107; ,screening_pocket,6,7,2,-6.291928,0.776431,0.676,0.244,0.432,A71x0310a,"A71x0446a,A71x1080a,A71x0812a,A71x0719a,A71x1140a,A71x0528a,A71x0310a",CCN(CC)C(=O)c1cccnc1NC,A71-ROCS-iter2.sdf,1,14,1,0,14,12,1,1,0,0,0,0,0,Z960169668,<rdkit.Chem.rdchem.Mol object at 0x1697cc190>,FALSE
nan,nan,nan,nan,nan,nan,info info set:bb_densepocket2;hbond:P107; ,bb_densepocket2,11,7,1,-3.199528,0.6471,0.611,0.25,0.362,A71x0310a,"A71x0446a,A71x1080a,A71x0812a,A71x0719a,A71x1140a,A71x0528a,A71x0310a",CNc1ncc(C(F)F)cc1[N+](=O)[O-],A71-ROCS-iter2.sdf,2,12,1,1,12,12,0,0,0,0,0,0,0,EN300_306974,<rdkit.Chem.rdchem.Mol object at 0x1697cc200>,FALSE
nan,nan,nan,nan,nan,nan,info info set:sulfonimide_joint;hbond:S105+G127+D109; ,sulfonimide_joint,15,7,4,-3.436755,0.653774,0.306,0.194,0.112,A71x0310a,"A71x0446a,A71x1080a,A71x0812a,A71x0719a,A71x1140a,A71x0528a,A71x0310a",CNCCOc1ccc(S(N)(=O)=O)cc1F,A71-ROCS-iter2.sdf,4,12,4,0,12,11,0,0,0,1,0,0,0,EN300_249159,<rdkit.Chem.rdchem.Mol object at 0x1697cc270>,FALSE
nan,nan,nan,nan,nan,nan,info info set:bb_densepocket2;halogenbond:C110; hbond:S105; hydroph_interaction:Y89; ,bb_densepocket2,2,7,3,-1.950367,0.762787,0.621,0.261,0.36,A71x0310a,"A71x0446a,A71x1080a,A71x0812a,A71x0719a,A71x1140a,A71x0528a,A71x0310a",CCOC(=O)c1cnc(NC)nc1CCl,A71-ROCS-iter2.sdf,3,12,2,1,12,11,0,1,0,0,0,0,0,EN300_4478273,<rdkit.Chem.rdchem.Mol object at 0x1697cc2e0>,FALSE
nan,nan,nan,nan,nan,nan,info info set:bb_densepocket2;hydroph_interaction:V124+D109+V132; ,bb_densepocket2,18,7,4,-1.13215,0.729674,0.612,0.219,0.393,A71x0310a,"A71x0446a,A71x1080a,A71x0812a,A71x0719a,A71x1140a,A71x0528a,A71x0310a",Cc1cnc(C(=O)OC(C)(C)C)cc1Cl,A71-ROCS-iter2.sdf,5,10,4,1,10,10,0,0,0,0,0,0,0,EN300_37458937,<rdkit.Chem.rdchem.Mol object at 0x1697cc3c0>,FALSE
nan,nan,nan,nan,nan,nan,info info set:bb_whole;hbond:S125+G127+C110; hydroph_interaction:Y89+Y90; ,bb_whole,16,7,6,-5.39766,0.523781,0.414,0.277,0.137,A71x0310a,"A71x0446a,A71x1080a,A71x0812a,A71x0719a,A71x1140a,A71x0528a,A71x0310a",Cc1cc(C)cc(Nc2nc3c(C)cccn3c(=O)c2C=O)c1,A71-ROCS-iter2.sdf,3,20,3,0,20,14,4,2,0,0,0,0,0,EN300_22312861,<rdkit.Chem.rdchem.Mol object at 0x1697cc430>,FALSE
nan,nan,nan,nan,nan,nan,info info set:sulfonimide_whole;halogenbond:E88; hbond:S87; ,sulfonimide_whole,7,7,2,-7.561791,0.469124,0.362,0.223,0.14,A71x0310a,"A71x0446a,A71x1080a,A71x0812a,A71x0719a,A71x1140a,A71x0528a,A71x0310a",Cc1cc(S(N)(=O)=O)cc(NC(=O)CCl)c1C,A71-ROCS-iter2.sdf,1,16,0,1,16,12,2,1,0,1,0,0,0,EN300_12411,<rdkit.Chem.rdchem.Mol object at 0x1697cc4a0>,FALSE
nan,nan,nan,nan,nan,nan,info info set:sulfonimide_joint;hbond:G127; hydroph_interaction:P107+V84+L100+L131; ,sulfonimide_joint,17,7,5,-5.263086,0.897423,0.367,0.25,0.117,A71x0310a,"A71x0446a,A71x1080a,A71x0812a,A71x0719a,A71x1140a,A71x0528a,A71x0310a",CC(C)CC(=O)NCCc1ccc(S(N)(=O)=O)s1,A71-ROCS-iter2.sdf,3,15,1,2,15,6,0,0,0,4,0,4,1,EN300_125224,<rdkit.Chem.rdchem.Mol object at 0x1697cc510>,FALSE
nan,nan,nan,nan,nan,nan,info info set:sulfonimide_whole;hbond:S87+G127+A86; hydroph_interaction:P107; ,sulfonimide_whole,5,7,4,-8.179007,0.442356,0.368,0.195,0.173,A71x0310a,"A71x0446a,A71x1080a,A71x0812a,A71x0719a,A71x1140a,A71x0528a,A71x0310a",CO[C@@](C)(CS(N)(=O)=O)c1ccccc1,A71-ROCS-iter2.sdf,0,15,0,0,15,12,2,0,0,1,0,0,0,EN300_227550,<rdkit.Chem.rdchem.Mol object at 0x1697cc5f0>,FALSE
nan,nan,nan,nan,nan,nan,info info set:sulfonimide_whole;hbond:S87; hydroph_interaction:Y89+Y90+H21+D39; ,sulfonimide_whole,8,7,5,-6.008831,0.477379,0.349,0.213,0.136,A71x0310a,"A71x0446a,A71x1080a,A71x0812a,A71x0719a,A71x1140a,A71x0528a,A71x0310a",NS(=O)(=O)c1cccc(NC(=O)c2ccccc2F)c1,A71-ROCS-iter2.sdf,4,16,3,1,16,10,3,2,0,1,0,0,0,EN300_26177738,<rdkit.Chem.rdchem.Mol object at 0x1697cc660>,FALSE
nan,nan,nan,nan,nan,nan,info info set:screening_whole;hbond:S87; hydroph_interaction:P107+Y89+V124+H21; ,screening_whole,9,7,5,-8.56426,0.64578,0.466,0.267,0.199,A71x0310a,"A71x0446a,A71x1080a,A71x0812a,A71x0719a,A71x1140a,A71x0528a,A71x0310a",Cc1ccc(Oc2nc(C)nc3sc4c(c23)CCC4)c([N+](=O)[O-])n1,A71-ROCS-iter2.sdf,1,23,1,0,23,13,4,3,0,3,0,0,0,Z31110920,<rdkit.Chem.rdchem.Mol object at 0x1697cc6d0>,TRUE
nan,nan,nan,nan,nan,nan,info info set:sulfonimide_whole;hbond:S87+S125+G127+E85; hydroph_interaction:Y89+Y90; ,sulfonimide_whole,3,7,8,-4.53228,0.920273,0.358,0.22,0.138,A71x0310a,"A71x0446a,A71x1080a,A71x0812a,A71x0719a,A71x1140a,A71x0528a,A71x0310a",CC(C)(C)OC(=O)N[C@@H]1CC[C@H](CS(N)(=O)=O)C1,A71-ROCS-iter2.sdf,2,16,2,0,16,11,0,3,0,2,0,0,0,EN300_746189,<rdkit.Chem.rdchem.Mol object at 0x1697cc740>,FALSE
nan,nan,nan,nan,nan,nan,info info set:screening_pocket;hbond:S105+S125+G127; hydroph_interaction:P107+Y89+E88; pistack:H21; ,screening_pocket,12,7,7,-4.73824,0.421274,0.633,0.234,0.399,A71x0310a,"A71x0446a,A71x1080a,A71x0812a,A71x0719a,A71x1140a,A71x0528a,A71x0310a",CCNc1ccc(Nc2ccnc(CC)n2)cn1,A71-ROCS-iter2.sdf,3,15,0,3,15,10,0,5,0,0,0,0,0,Z3079948510,<rdkit.Chem.rdchem.Mol object at 0x1697cc820>,FALSE
nan,nan,nan,nan,nan,nan,info info set:sulfonimide_whole;halogenbond:E88; hbond:S87; ,sulfonimide_whole,7,8,2,-7.8201,0.572419,0.358,0.22,0.138,A71x0310a,"A71x0446a,A71x1080a,A71x0812a,A71x0719a,A71x1140a,A71x0528a,A71x0310a",COc1ccc(S(N)(=O)=O)cc1NC(=O)CCl,A71-ROCS-iter2.sdf,1,16,0,1,16,12,2,1,0,1,0,0,0,EN300_107670,<rdkit.Chem.rdchem.Mol object at 0x1697cc890>,FALSE
nan,nan,nan,nan,nan,nan,info info set:screening_whole;hbond:S87+Q95; hydroph_interaction:Y89+Y90+V124; ,screening_whole,18,8,5,-5.870184,0.541219,0.454,0.274,0.18,A71x0310a,"A71x0446a,A71x1080a,A71x0812a,A71x0719a,A71x1140a,A71x0528a,A71x0310a",Cc1nc2cc(F)c(F)cc2n1CC(=O)N1CCC[C@@H]1C(N)=O,A71-ROCS-iter2.sdf,1,22,0,1,22,14,5,2,0,1,0,0,0,Z2297678222,<rdkit.Chem.rdchem.Mol object at 0x1697cc900>,FALSE
nan,nan,nan,nan,nan,nan,info info set:bb_densepocket2;hbond:S125+G127+E106; ,bb_densepocket2,6,8,3,-4.902583,0.347309,0.624,0.23,0.394,A71x0310a,"A71x0446a,A71x1080a,A71x0812a,A71x0719a,A71x1140a,A71x0528a,A71x0310a",CNc1ncc(C(=O)OC)cc1N,A71-ROCS-iter2.sdf,2,11,1,1,11,10,0,0,0,1,0,0,0,EN300_3055818,<rdkit.Chem.rdchem.Mol object at 0x1697cc9e0>,FALSE
nan,nan,nan,nan,nan,nan,info info set:bb_densepocket2;hbond:S125+G127+E106+C110+T126; ,bb_densepocket2,16,8,5,-4.96522,0.301014,0.611,0.275,0.336,A71x0310a,"A71x0446a,A71x1080a,A71x0812a,A71x0719a,A71x1140a,A71x0528a,A71x0310a",NNc1nc2ccccc2nc1NN,A71-ROCS-iter2.sdf,3,11,1,2,11,11,0,0,0,0,0,0,0,EN300_110842,<rdkit.Chem.rdchem.Mol object at 0x1697cca50>,FALSE
nan,nan,nan,nan,nan,nan,info info set:sulfonimide_whole;hbond:G127+T126+N129; ,sulfonimide_whole,17,8,4,-2.103297,0.995377,0.34,0.212,0.128,A71x0310a,"A71x0446a,A71x1080a,A71x0812a,A71x0719a,A71x1140a,A71x0528a,A71x0310a",C#CCCCC(=O)Nc1nnc(S(N)(=O)=O)s1,A71-ROCS-iter2.sdf,2,15,2,0,15,4,1,0,0,3,2,5,0,EN300_1718461,<rdkit.Chem.rdchem.Mol object at 0x1697ccb30>,FALSE
nan,nan,nan,nan,nan,nan,info info set:3d;hbond:E88; hydroph_interaction:P107+Y90; ,3d,8,8,3,-8.18183,0.523517,0.338,0.215,0.123,A71x0310a,"A71x0446a,A71x1080a,A71x0812a,A71x0719a,A71x1140a,A71x0528a,A71x0310a",N#Cc1ccccc1Oc1ccccc1CO,A71-ROCS-iter2.sdf,0,17,0,0,17,10,3,4,0,0,0,0,0,Z362022872,<rdkit.Chem.rdchem.Mol object at 0x1697ccc10>,FALSE
nan,nan,nan,nan,nan,nan,info info set:sulfonimide_whole;hbond:S87+G127+A86; hydroph_interaction:P107+V124; ,sulfonimide_whole,5,8,5,-5.400928,0.783896,0.345,0.203,0.143,A71x0310a,"A71x0446a,A71x1080a,A71x0812a,A71x0719a,A71x1140a,A71x0528a,A71x0310a",CC1(C)Cc2cccc(S(N)(=O)=O)c2O1,A71-ROCS-iter2.sdf,2,13,2,0,13,10,2,0,0,1,0,0,0,EN300_201969,<rdkit.Chem.rdchem.Mol object at 0x1697cccf0>,FALSE
nan,nan,nan,nan,nan,nan,info info set:screening_pocket;halogenbond:C110; hbond:S105+Y90; hydroph_interaction:P107+Y89+Y90; ,screening_pocket,2,8,7,-0.298212,0.965398,0.623,0.236,0.387,A71x0310a,"A71x0446a,A71x1080a,A71x0812a,A71x0719a,A71x1140a,A71x0528a,A71x0310a",Cc1noc(C)c1CC(=O)Nc1ccc(O)cc1F,A71-ROCS-iter2.sdf,1,18,1,0,18,12,2,4,0,0,0,0,0,Z1645594352,<rdkit.Chem.rdchem.Mol object at 0x1697ccdd0>,FALSE
nan,nan,nan,nan,nan,nan,info info set:bb_whole;hbond:S87+S125+G127; hydroph_interaction:P107; saltbridge:H21; ,bb_whole,9,8,5,-0.710274,0.59466,0.448,0.258,0.19,A71x0310a,"A71x0446a,A71x1080a,A71x0812a,A71x0719a,A71x1140a,A71x0528a,A71x0310a",CC(C)(C)OC(=O)N1[C@H]2CC[C@]1(c1[nH]nnc1C(=O)O)CC2,A71-ROCS-iter2.sdf,1,21,0,1,21,13,3,2,0,3,0,0,0,EN300_787748,<rdkit.Chem.rdchem.Mol object at 0x1697cce40>,TRUE
nan,nan,nan,nan,nan,nan,info info set:bb_densepocket2;hbond:S87+S125+G127; hydroph_interaction:P107+Y89+Y90+V124+D109; ,bb_densepocket2,3,8,9,-8.26319,0.538209,0.609,0.25,0.359,A71x0310a,"A71x0446a,A71x1080a,A71x0812a,A71x0719a,A71x1140a,A71x0528a,A71x0310a",C#Cc1ncc(F)cc1NC(=O)OC(C)(C)C,A71-ROCS-iter2.sdf,2,15,2,0,15,12,1,2,0,0,0,0,0,EN300_37397014,<rdkit.Chem.rdchem.Mol object at 0x1697cceb0>,FALSE