ref_url,submitter_name,submitter_email,submitter_institution,generation_date,method,ddG,score,ref_mols,original SMILES,ref_pdb,butcher #BAD,butcher #GOOD,butcher #protein clash,butcher #solvent space,butcher #pocket,butcher #P1,butcher #P2,butcher #P1',butcher #P2',butcher #P3,butcher #P4,butcher #P5,butcher #P6,ID,ROMol,Kate_Good
https://github.com/matteoferla/Fragmenstein,Max Winokan,max.winokan@diamond.ac.uk,DLS,2/7/24,Fragmenstein,ddG,score,inspiration observation shortnames,nan,LHS reference observation,14,0,2,12,0,0,0,0,0,0,0,0,0,ver_1.2,<rdkit.Chem.rdchem.Mol object at 0x1691e3890>,FALSE
nan,nan,nan,nan,nan,nan,-6.353283,10.300328,A71x0473a,CCCN(C)S(=O)(=O)N1CCOC[C@H]1CO,A71x0310a,1,15,0,1,15,0,0,0,0,3,2,8,2,Z3621038789,<rdkit.Chem.rdchem.Mol object at 0x1691e34a0>,FALSE
nan,nan,nan,nan,nan,nan,-5.066554,25.911535,"A71x0732a,A71x0375b",CC(C)CC1CCCCN1C[C@@H](O)CO,A71x0310a,0,15,0,0,15,9,0,3,0,3,0,0,0,Z2947991424,<rdkit.Chem.rdchem.Mol object at 0x1691e35f0>,TRUE
nan,nan,nan,nan,nan,nan,-7.63759,8.900272,"A71x0732a,A71x0375b",CC(C)CC1CCCCC1NC(=O)CN,A71x0310a,0,15,0,0,15,8,0,3,0,4,0,0,0,Z3522021571,<rdkit.Chem.rdchem.Mol object at 0x1691e3270>,FALSE
nan,nan,nan,nan,nan,nan,-6.226388,13.085709,"A71x0732a,A71x0375b",CC(C)CC1OCCCC1NC(=O)CO,A71x0310a,0,15,0,0,15,10,0,2,0,3,0,0,0,Z1733136064,<rdkit.Chem.rdchem.Mol object at 0x1691e3dd0>,TRUE
nan,nan,nan,nan,nan,nan,-5.224017,-1.301327,"A71x0732a,A71x0375b",CC[C@H](O)CN1CCCCC1CC(N)=O,A71x0310a,0,15,0,0,15,9,0,2,0,4,0,0,0,Z1993861820,<rdkit.Chem.rdchem.Mol object at 0x1691e3120>,FALSE
nan,nan,nan,nan,nan,nan,-5.476579,-4.351869,"A71x0732a,A71x0375b",CCC(O)CN1CCN(C)CC1CCO,A71x0310a,0,15,0,0,15,9,0,2,0,4,0,0,0,Z4497083212,<rdkit.Chem.rdchem.Mol object at 0x1691e3510>,FALSE
nan,nan,nan,nan,nan,nan,-4.92878,-4.593078,"A71x0556a,A71x0375b",CCCC1CC(C(=O)NCC(=O)NC2CCC2)CCO1,A71x0310a,6,14,0,6,14,12,1,1,0,0,0,0,0,Z3609150469,<rdkit.Chem.rdchem.Mol object at 0x1691e3190>,FALSE
nan,nan,nan,nan,nan,nan,-5.878668,-1.877875,"A71x0556a,A71x0375b",CCCC(O)Cn1cc(CNC2CCC2)nn1,A71x0310a,5,12,0,5,12,10,1,1,0,0,0,0,0,Z3633004642,<rdkit.Chem.rdchem.Mol object at 0x16946a890>,FALSE
nan,nan,nan,nan,nan,nan,-4.666958,14.114206,"A71x0556a,A71x0719a",Cn1cc(C(=O)NC2CCC2)c(OCC(F)F)n1,A71x0310a,6,12,0,6,12,11,0,0,0,1,0,0,0,Z3841422242,<rdkit.Chem.rdchem.Mol object at 0x16946aeb0>,FALSE
nan,nan,nan,nan,nan,nan,-4.628133,13.508214,"A71x0375b,A71x0528a",CCN(C)CCN[C@H]1CCCC[C@@H]1OC,A71x0310a,1,14,0,1,14,10,3,1,0,0,0,0,0,Z4265555960,<rdkit.Chem.rdchem.Mol object at 0x16946a820>,FALSE
nan,nan,nan,nan,nan,nan,-5.561724,23.069152,"A71x0375b,A71x0528a",CO[C@H]1CCCC[C@@H]1NC(=O)N(C)CCO,A71x0310a,0,16,0,0,16,10,3,3,0,0,0,0,0,Z1997417426,<rdkit.Chem.rdchem.Mol object at 0x16946ac10>,TRUE
nan,nan,nan,nan,nan,nan,-5.875862,22.809039,"A71x0375b,A71x0922a",CNCC(=O)N[C@@H]1CCCC[C@H]1OC,A71x0310a,0,14,0,0,14,11,2,1,0,0,0,0,0,Z2488893485,<rdkit.Chem.rdchem.Mol object at 0x16946ac80>,TRUE
nan,nan,nan,nan,nan,nan,-4.569113,19.780923,"A71x0375b,A71x0922a",CONC(=O)N[C@@H]1CCCC[C@H]1OC,A71x0310a,0,14,0,0,14,11,2,1,0,0,0,0,0,Z2477560426,<rdkit.Chem.rdchem.Mol object at 0x16946acf0>,TRUE
nan,nan,nan,nan,nan,nan,-6.031663,26.717511,"A71x0375b,A71x0922a",COCC(C)N[C@@H]1CCCC[C@H]1OC,A71x0310a,0,14,0,0,14,11,2,1,0,0,0,0,0,Z2474019182,<rdkit.Chem.rdchem.Mol object at 0x16946ad60>,TRUE
nan,nan,nan,nan,nan,nan,-8.158348,6.398829,"A71x0375b,A71x0922a",CO[C@H]1CCCC[C@@H]1NC(C)CSC,A71x0310a,0,14,0,0,14,10,2,2,0,0,0,0,0,Z3641497733,<rdkit.Chem.rdchem.Mol object at 0x16946add0>,TRUE
nan,nan,nan,nan,nan,nan,-5.81122,11.432193,"A71x0375b,A71x0922a",CCNC(=S)N[C@@H]1COCC[C@H]1OC,A71x0310a,0,14,0,0,14,10,3,1,0,0,0,0,0,Z2982699141,<rdkit.Chem.rdchem.Mol object at 0x16946ae40>,TRUE
nan,nan,nan,nan,nan,nan,-5.769333,6.439223,"A71x0375b,A71x0922a",CNC(=S)N(C)C1CCOCC1OC,A71x0310a,1,13,0,1,13,10,1,2,0,0,0,0,0,Z2904586681,<rdkit.Chem.rdchem.Mol object at 0x16946af90>,TRUE
nan,nan,nan,nan,nan,nan,-5.117192,10.378029,"A71x0375b,A71x0922a",CCC1CCCCC1NC(=O)NOC,A71x0310a,0,14,0,0,14,10,2,2,0,0,0,0,0,Z439265156,<rdkit.Chem.rdchem.Mol object at 0x16946af20>,TRUE
nan,nan,nan,nan,nan,nan,-4.988628,1.889054,"A71x0375b,A71x0922a",CNCC(=O)NC1CCOCC1OC,A71x0310a,0,14,0,0,14,10,2,2,0,0,0,0,0,Z2449454173,<rdkit.Chem.rdchem.Mol object at 0x16946aba0>,TRUE
nan,nan,nan,nan,nan,nan,-5.212321,25.166297,"A71x0375b,A71x0922a",CNCC(=O)N[C@@H]1COCC[C@H]1OC,A71x0310a,0,14,0,0,14,11,2,1,0,0,0,0,0,Z3137320669,<rdkit.Chem.rdchem.Mol object at 0x16946ab30>,TRUE
nan,nan,nan,nan,nan,nan,-6.722019,19.75977,"A71x0375b,A71x0922a",COCC(=O)N[C@@H]1CCCC[C@H]1OC,A71x0310a,0,14,0,0,14,11,2,1,0,0,0,0,0,Z2476332556,<rdkit.Chem.rdchem.Mol object at 0x16946aac0>,TRUE
nan,nan,nan,nan,nan,nan,-5.233213,113.917213,"A71x0556a,A71x0922a",CN(C)C(=O)CNC(=O)C(=O)NCC(=O)NC1CCC1,A71x0310a,6,14,0,6,14,11,0,0,0,3,0,0,0,PV_006084490877,<rdkit.Chem.rdchem.Mol object at 0x16956e270>,FALSE
nan,nan,nan,nan,nan,nan,-4.736025,22.192764,"A71x0375b,A71x0739a",CO[C@@H]1CN(C(=O)CC(C)C2CCCCC2)C[C@@H]1NC(C)=O,A71x0310a,4,18,1,3,18,13,0,2,0,3,0,0,0,PV_003259050977,<rdkit.Chem.rdchem.Mol object at 0x16956ef90>,FALSE
nan,nan,nan,nan,nan,nan,-6.092451,0.31229,"A71x0375b,A71x0556a",CC(=O)NC1CCN(C(=O)CC2CCC2)CC1C,A71x0310a,6,12,0,6,12,10,0,2,0,0,0,0,0,PV_000592599229,<rdkit.Chem.rdchem.Mol object at 0x16956e190>,FALSE
nan,nan,nan,nan,nan,nan,-5.384262,-3.493923,"A71x0375b,A71x0556a",CC(C)NC1CCN(C(=O)CC2CCC2)CC1,A71x0310a,6,11,0,6,11,10,0,1,0,0,0,0,0,Z4469410687,<rdkit.Chem.rdchem.Mol object at 0x16956e580>,FALSE
nan,nan,nan,nan,nan,nan,-4.921693,15.685456,"A71x0375b,A71x0556a",CC(C)NC1CCN(C(=O)NC2COC2)CC1,A71x0310a,6,11,0,6,11,10,0,1,0,0,0,0,0,Z3500577009,<rdkit.Chem.rdchem.Mol object at 0x16956e2e0>,FALSE
nan,nan,nan,nan,nan,nan,-6.046081,26.16824,"A71x0375b,A71x0719a",CC[C@H](C)[C@H](NC(N)=O)C(=O)N(C)CC(N)=O,A71x0310a,0,17,0,0,17,13,0,0,0,4,0,0,0,PV_003037897409,<rdkit.Chem.rdchem.Mol object at 0x16956e350>,FALSE
nan,nan,nan,nan,nan,nan,-5.91856,-1.438314,"A71x0446a,A71x0375b",CCNC(=O)CN(CC)C1CNC(C)C1,A71x0310a,0,15,0,0,15,13,0,1,0,1,0,0,0,Z2042091027,<rdkit.Chem.rdchem.Mol object at 0x16956e9e0>,FALSE
nan,nan,nan,nan,nan,nan,-7.614098,-0.767906,"A71x1080a,A71x0556a",CC(=O)NC(COC(C)C)C(=O)NC1CCC1,A71x0310a,6,11,0,6,11,10,0,0,0,1,0,0,0,Z3442574373,<rdkit.Chem.rdchem.Mol object at 0x16956e200>,FALSE
nan,nan,nan,nan,nan,nan,-4.10452,9.999992,"A71x1080a,A71x0556a",CC[C@H](O)CN(CC)C(=O)C(=O)NC1CCC1,A71x0310a,6,11,0,6,11,10,0,0,0,1,0,0,0,Z3877272214,<rdkit.Chem.rdchem.Mol object at 0x16956eba0>,FALSE
nan,nan,nan,nan,nan,nan,-6.177737,1.160268,"A71x0375b,A71x0416a",CO[C@@H]1CN(C(=O)[C@@H]2CCCO2)C[C@H]1NC(C)=O,A71x0310a,5,13,0,5,13,11,0,2,0,0,0,0,0,PV_003586610715,<rdkit.Chem.rdchem.Mol object at 0x16956e0b0>,FALSE
nan,nan,nan,nan,nan,nan,-6.909899,6.239245,"A71x0375b,A71x0416a",CC[C@@H](CN(CC)C(=O)[C@@H]1CCCO1)NC(C)=O,A71x0310a,5,13,0,5,13,11,0,1,0,1,0,0,0,PV_003670626363,<rdkit.Chem.rdchem.Mol object at 0x16956e5f0>,FALSE
nan,nan,nan,nan,nan,nan,-4.549519,-8.793961,"A71x0375b,A71x0556a",CCC(=O)N[C@H]1CCN(C(=O)CC2CCC2)[C@H]1C,A71x0310a,4,14,0,4,14,13,0,1,0,0,0,0,0,PV_003359634839,<rdkit.Chem.rdchem.Mol object at 0x16956edd0>,FALSE
nan,nan,nan,nan,nan,nan,-6.485402,-7.624482,"A71x0375b,A71x0556a",CCC(=O)NC1C(C)CN(C(=O)CC2CCC2)CC1C,A71x0310a,6,14,0,6,14,12,0,2,0,0,0,0,0,PV_003892415992,<rdkit.Chem.rdchem.Mol object at 0x16956ee40>,FALSE
nan,nan,nan,nan,nan,nan,-4.244446,-0.268253,"A71x0375b,A71x0556a",CC1CN(C(=O)C2CCC2)CC(C)C1NC(=O)CCF,A71x0310a,5,15,0,5,15,13,1,1,0,0,0,0,0,PV_003066734087,<rdkit.Chem.rdchem.Mol object at 0x16956e7b0>,FALSE
nan,nan,nan,nan,nan,nan,-4.09888,-0.867411,"A71x0375b,A71x0556a",C[C@H]1CN(C(=O)CC2CCC2)C[C@H]1NC(=O)CCF,A71x0310a,5,14,0,5,14,12,1,1,0,0,0,0,0,PV_002720551787,<rdkit.Chem.rdchem.Mol object at 0x16956e510>,FALSE
nan,nan,nan,nan,nan,nan,-6.452317,-0.985644,"A71x0556a,A71x0450a",COC(=O)C(Cc1cnn(C)c1)NC1CCC1,A71x0310a,6,11,0,6,11,9,0,0,0,2,0,0,0,Z5275778979,<rdkit.Chem.rdchem.Mol object at 0x16956e970>,FALSE
nan,nan,nan,nan,nan,nan,-4.76984,6.717044,"A71x0556a,A71x0554a",NC1CCCC(C(=O)NCC(=O)NC2CCC2)CC1,A71x0310a,6,13,0,6,13,12,0,1,0,0,0,0,0,Z3519360285,<rdkit.Chem.rdchem.Mol object at 0x16956ea50>,FALSE
nan,nan,nan,nan,nan,nan,-3.417171,9.783799,"A71x0884a,A71x0556a",CC(=O)N[C@@H]1CCC[C@@H](NC(=O)COC2CCC2)C1,A71x0310a,6,13,0,6,13,11,0,2,0,0,0,0,0,PV_003486214135,<rdkit.Chem.rdchem.Mol object at 0x16956e040>,FALSE
nan,nan,nan,nan,nan,nan,-4.170063,11.705421,"A71x0884a,A71x0556a",C[C@@H]1C[C@@H](NC(=O)COC2CCC2)CN(C(=O)CO)C1,A71x0310a,7,13,1,6,13,11,0,2,0,0,0,0,0,PV_003441873981,<rdkit.Chem.rdchem.Mol object at 0x16956e660>,FALSE
nan,nan,nan,nan,nan,nan,-3.881909,0.604341,A71x0911a,C[C@@H]1CCCN(C(=O)C[C@H]2CCNC2)[C@@H]1CO,A71x0310a,1,16,0,1,16,0,0,0,0,3,3,8,2,Z3142077183,<rdkit.Chem.rdchem.Mol object at 0x16956e6d0>,FALSE
nan,nan,nan,nan,nan,nan,-4.025787,-17.169458,A71x0911a,CCC1CCCCC1N(C)C(=O)C1CCCC1,A71x0310a,1,16,0,1,16,0,0,0,0,3,2,9,2,Z1408668814,<rdkit.Chem.rdchem.Mol object at 0x16956e900>,FALSE
nan,nan,nan,nan,nan,nan,-3.817908,10.755624,"A71x0812a,A71x0351a",CCC(O)CNC1CCCc2c1c(C)nn2C,A71x0310a,5,12,0,5,12,12,0,0,0,0,0,0,0,Z3360326126,<rdkit.Chem.rdchem.Mol object at 0x16956e430>,FALSE
nan,nan,nan,nan,nan,nan,-1.500329,19.498321,"A71x0812a,A71x0351a",CCC(O)CCN1CCCc2[nH]nc(CO)c21,A71x0310a,5,12,0,5,12,11,1,0,0,0,0,0,0,Z5018081172,<rdkit.Chem.rdchem.Mol object at 0x16959a270>,FALSE
nan,nan,nan,nan,nan,nan,-1.653651,21.385254,"A71x0566a,A71x0446a",CNC(=O)CCC(=O)NC1CNC(C)C1,A71x0310a,2,13,0,2,13,11,1,0,0,1,0,0,0,Z3520978525,<rdkit.Chem.rdchem.Mol object at 0x16959a350>,FALSE
nan,nan,nan,nan,nan,nan,-2.158802,14.072116,"A71x0416a,A71x0528a",C[C@@H](C(=O)N[C@@H]1CCCC[C@@H]1NC(=O)[C@H]1CCCO1)N(C)C,A71x0310a,6,16,0,6,16,10,2,2,0,2,0,0,0,PV_004240582764,<rdkit.Chem.rdchem.Mol object at 0x16959a580>,FALSE
nan,nan,nan,nan,nan,nan,-3.677637,43.043874,"A71x0446a,A71x0515a",CNC(C)CCC(C)(C)O,A71x0310a,2,8,0,2,8,7,0,0,0,1,0,0,0,PV_006446192141,<rdkit.Chem.rdchem.Mol object at 0x16959a430>,FALSE
nan,nan,nan,nan,nan,nan,-5.280482,275.545392,"A71x0446a,A71x0515a",CSC(C)CCNC(C)C,A71x0310a,3,7,0,3,7,7,0,0,0,0,0,0,0,PV_003176669772,<rdkit.Chem.rdchem.Mol object at 0x16959a3c0>,FALSE
nan,nan,nan,nan,nan,nan,-4.088019,23.39015,"A71x0446a,A71x0515a",CNC(C)CCC(C)(C)C,A71x0310a,0,10,0,0,10,9,0,0,0,1,0,0,0,PV_006136098708,<rdkit.Chem.rdchem.Mol object at 0x16959a510>,FALSE
nan,nan,nan,nan,nan,nan,-5.392851,-11.504514,"A71x0446a,A71x0528a",CC1CN(C(=O)[C@@H]2CCN(C)[C@@H]2C)CC2(CCCC2)O1,A71x0310a,3,17,0,3,17,12,3,2,0,0,0,0,0,Z2458288926,<rdkit.Chem.rdchem.Mol object at 0x16959a7b0>,FALSE
nan,nan,nan,nan,nan,nan,-3.546619,36.350223,"A71x0446a,A71x0528a",Cc1ccc(CN(CC(C)C)CC2CCNC2=O)s1,A71x0310a,2,17,0,2,17,13,3,1,0,0,0,0,0,Z4436943043,<rdkit.Chem.rdchem.Mol object at 0x16959a4a0>,FALSE
nan,nan,nan,nan,nan,nan,-3.967684,-13.663839,"A71x0351a,A71x0450a",CNS(=O)(=O)CCNC(=O)N1CC[C@@H]2CCN[C@@H]2C1,A71x0310a,7,12,0,7,12,10,0,0,0,2,0,0,0,Z3045524334,<rdkit.Chem.rdchem.Mol object at 0x16959a120>,FALSE
nan,nan,nan,nan,nan,nan,-1.829289,102.130025,A71x0719a,CN(CCCS(N)(=O)=O)C(=O)OC1CCCCC1,A71x0310a,4,14,2,2,14,12,1,0,0,1,0,0,0,Z5231109132,<rdkit.Chem.rdchem.Mol object at 0x169524510>,FALSE
nan,nan,nan,nan,nan,nan,-2.717686,25.160967,"A71x0416a,A71x0566a",CNC(=O)[C@@H]1CCCC[C@@H]1NC(=O)C(C)C1CCCC1,A71x0310a,5,15,0,5,15,13,1,0,0,1,0,0,0,Z5371548299,<rdkit.Chem.rdchem.Mol object at 0x169524970>,FALSE
nan,nan,nan,nan,nan,nan,-3.2768,24.032703,"A71x0416a,A71x0566a",CNC(=O)[C@@H]1CCCC[C@@H]1NC(=O)C(C)C1=CCCC1,A71x0310a,5,15,0,5,15,13,1,0,0,1,0,0,0,Z5371548695,<rdkit.Chem.rdchem.Mol object at 0x16952c660>,FALSE
nan,nan,nan,nan,nan,nan,-2.252612,-2.855319,"A71x0416a,A71x0566a",CCC(=O)N1CCC[C@H]2CN(C(=O)C3CCCO3)C[C@H]21,A71x0310a,6,14,0,6,14,12,1,0,0,1,0,0,0,PV_000569027887,<rdkit.Chem.rdchem.Mol object at 0x16952c9e0>,FALSE
nan,nan,nan,nan,nan,nan,-3.126944,5856.445534,"A71x0554a,A71x0351a",CCC(=O)NCC(=O)N[C@@H]1CCCC[C@H]1NC(C)=O,A71x0310a,3,16,1,2,16,11,3,2,0,0,0,0,0,PV_001215077487,<rdkit.Chem.rdchem.Mol object at 0x16952cf90>,FALSE
nan,nan,nan,nan,nan,nan,-1.037033,2.271114,"A71x0554a,A71x0351a",CCC(=O)NCC(=O)NC1CCCCC1CC(C)C,A71x0310a,1,18,0,1,18,11,4,2,0,1,0,0,0,Z3640952086,<rdkit.Chem.rdchem.Mol object at 0x16952c970>,FALSE
nan,nan,nan,nan,nan,nan,-2.862903,34.051265,"A71x0554a,A71x0351a",CC(=O)N[C@H]1CCCC[C@@H]1NC(=O)CNS(C)(=O)=O,A71x0310a,6,13,0,6,13,11,0,2,0,0,0,0,0,PV_003302182474,<rdkit.Chem.rdchem.Mol object at 0x16952c820>,FALSE
nan,nan,nan,nan,nan,nan,-5.371477,3.157099,"A71x0375b,A71x0732a",CNC(=O)C1CCCC(OC)C1,A71x0310a,0,12,0,0,12,8,0,0,0,4,0,0,0,RAJSPNHIQAGDPC_UHFFF,<rdkit.Chem.rdchem.Mol object at 0x16952cdd0>,FALSE
nan,nan,nan,nan,nan,nan,-7.849882,21.286453,"A71x0375b,A71x0732a",CCC(CC)C(NC(C)=O)C(=O)OC,A71x0310a,0,14,0,0,14,11,0,2,0,1,0,0,0,NKOBLRLZIGENRC_UHFFF,<rdkit.Chem.rdchem.Mol object at 0x1695212e0>,FALSE
nan,nan,nan,nan,nan,nan,-5.914317,3.965761,"A71x0732a,A71x0554a",CCCC(CCC)C(=O)NCCF,A71x0310a,0,13,0,0,13,10,0,1,0,2,0,0,0,DUZAXYUCDSTIIL_UHFFF,<rdkit.Chem.rdchem.Mol object at 0x1695210b0>,FALSE
nan,nan,nan,nan,nan,nan,-5.75581,19.193952,"A71x0732a,A71x0554a",C#CCNC(=O)C(CCC)CCC,A71x0310a,0,13,0,0,13,11,0,0,0,2,0,0,0,SXIHMVREERAYOW_UHFFF,<rdkit.Chem.rdchem.Mol object at 0x169521120>,FALSE
nan,nan,nan,nan,nan,nan,-4.800668,2.619963,"A71x0732a,A71x0554a",CCCC(CCC)C(=O)NCC#N,A71x0310a,0,13,0,0,13,10,0,1,0,2,0,0,0,PEMYUJGYHNYLCW_UHFFF,<rdkit.Chem.rdchem.Mol object at 0x169521190>,FALSE
nan,nan,nan,nan,nan,nan,-5.171318,8.294876,"A71x0732a,A71x0375b",CC(=O)CCCN(C)CC1CCCCO1,A71x0310a,0,15,0,0,15,7,0,7,1,0,0,0,0,ZNPYCEOJESXMAD_UHFFF,<rdkit.Chem.rdchem.Mol object at 0x169521200>,FALSE
nan,nan,nan,nan,nan,nan,-5.558617,6.933608,"A71x0732a,A71x0375b",CC(C)C(=O)NC1CCCCC1CN(C)C,A71x0310a,0,16,0,0,16,10,0,3,0,3,0,0,0,UGALIHVAQZBMAA_UHFFF,<rdkit.Chem.rdchem.Mol object at 0x169521270>,FALSE
nan,nan,nan,nan,nan,nan,-4.891939,-3.957705,"A71x0375b,A71x0922a",CCC(C)N(C)C1CCCCC1,A71x0310a,0,12,0,0,12,9,1,2,0,0,0,0,0,JYNLVTWNUYBLER_UHFFF,<rdkit.Chem.rdchem.Mol object at 0x1694206d0>,FALSE
nan,nan,nan,nan,nan,nan,-6.760045,22.662839,"A71x0375b,A71x0556a",CCCCC(=O)N1CCC(NC(C)C)CC1,A71x0310a,3,13,0,3,13,10,0,3,0,0,0,0,0,JYTLDMHGTQCRBI_UHFFF,<rdkit.Chem.rdchem.Mol object at 0x169420f90>,FALSE
nan,nan,nan,nan,nan,nan,-4.321925,3.045403,"A71x0451a,A71x0732a",CCC(=O)OC1CCCCC1N(C)C1CCC1,A71x0310a,0,17,0,0,17,12,0,1,0,4,0,0,0,OYGFGBMYQZVZBI_UHFFF,<rdkit.Chem.rdchem.Mol object at 0x169420c10>,FALSE
nan,nan,nan,nan,nan,nan,-6.547549,-6.085052,"A71x1080a,A71x0556a",Cn1nc(C(=O)NC2CCC2)c2c1CCC2,A71x0310a,6,10,0,6,10,10,0,0,0,0,0,0,0,CCEMVLRUVBVURZ_UHFFF,<rdkit.Chem.rdchem.Mol object at 0x169420dd0>,FALSE
nan,nan,nan,nan,nan,nan,-7.950075,-12.166553,"A71x1080a,A71x0556a",COc1nn(C)cc1C(=O)NC1CCC1,A71x0310a,6,9,0,6,9,9,0,0,0,0,0,0,0,PTNWWWWTWFUTPU_UHFFF,<rdkit.Chem.rdchem.Mol object at 0x1694207b0>,FALSE
nan,nan,nan,nan,nan,nan,-5.331005,9.154385,"A71x1080a,A71x0556a",CSCCC(NC(C)=O)C(=O)OC1CCC1,A71x0310a,6,10,0,6,10,10,0,0,0,0,0,0,0,WLGOOUPWJPCFBN_UHFFF,<rdkit.Chem.rdchem.Mol object at 0x169420ac0>,FALSE
nan,nan,nan,nan,nan,nan,-7.506299,-9.34337,"A71x0556a,A71x0884a",Cn1nc(C(=O)NC2CCC2)cc1C1CC1,A71x0310a,5,11,0,5,11,11,0,0,0,0,0,0,0,HSRUSAREZHLKAU_UHFFF,<rdkit.Chem.rdchem.Mol object at 0x169420350>,FALSE
nan,nan,nan,nan,nan,nan,-5.31634,5.330067,"A71x0556a,A71x0884a",CCOc1cc(C(=O)NC2CCC2)n[nH]1,A71x0310a,6,9,0,6,9,9,0,0,0,0,0,0,0,WQGYRTYVMJZDAI_UHFFF,<rdkit.Chem.rdchem.Mol object at 0x169420ba0>,FALSE
nan,nan,nan,nan,nan,nan,-7.877414,-7.029058,"A71x0556a,A71x0884a",Cc1c(Br)c(C(=O)NC2CSC2)nn1C,A71x0310a,6,9,0,6,9,9,0,0,0,0,0,0,0,YSZSULBTENTRCE_UHFFF,<rdkit.Chem.rdchem.Mol object at 0x169420d60>,FALSE
nan,nan,nan,nan,nan,nan,-5.980341,-5.227232,"A71x0556a,A71x0884a",Cc1c(Br)c(C(=O)OC2CCC2)nn1C,A71x0310a,5,10,0,5,10,10,0,0,0,0,0,0,0,PIKFINSVBMSCNN_UHFFF,<rdkit.Chem.rdchem.Mol object at 0x1694202e0>,FALSE
nan,nan,nan,nan,nan,nan,-5.413715,-23.776179,"A71x0556a,A71x0884a",Cn1nc(C(=O)NC2CCC2)cc1C(F)(F)F,A71x0310a,6,11,0,6,11,11,0,0,0,0,0,0,0,ZQOFBFOFOWUVLD_UHFFF,<rdkit.Chem.rdchem.Mol object at 0x169420c80>,FALSE
nan,nan,nan,nan,nan,nan,-4.8944,137.330326,"A71x0556a,A71x0884a",Cc1cc(C(=O)NC2CCC2)nn1C(C)C,A71x0310a,7,9,1,6,9,9,0,0,0,0,0,0,0,AWCMEDRWRMRPCR_UHFFF,<rdkit.Chem.rdchem.Mol object at 0x169420eb0>,FALSE
nan,nan,nan,nan,nan,nan,-4.759259,1.761866,"A71x0375b,A71x0556a",CCCCN(C)C1CCN(C(=O)CC2CCOC2)C1=O,A71x0310a,5,15,0,5,15,13,1,1,0,0,0,0,0,BAYQCNGMYWWHAR_UHFFF,<rdkit.Chem.rdchem.Mol object at 0x169420cf0>,FALSE
nan,nan,nan,nan,nan,nan,-5.069115,-5.170269,"A71x0556a,A71x0450a",Cn1cc(Cl)c(C(=O)OC2CCC2)n1,A71x0310a,3,11,0,3,11,9,0,0,0,2,0,0,0,JWTNFTFWODXLPK_UHFFF,<rdkit.Chem.rdchem.Mol object at 0x169420b30>,FALSE
nan,nan,nan,nan,nan,nan,-4.035508,-5.78263,"A71x0556a,A71x0450a",Cc1nc(Cl)c(C(=O)OC2CCC2)[nH]1,A71x0310a,4,10,0,4,10,8,0,0,0,2,0,0,0,HZIJYPGOSMKDOH_UHFFF,<rdkit.Chem.rdchem.Mol object at 0x169420f20>,FALSE
nan,nan,nan,nan,nan,nan,-2.706322,8.060048,"A71x0566a,A71x0446a",CNC(=O)CCCCC1CCSS1,A71x0310a,2,11,0,2,11,10,1,0,0,0,0,0,0,FUMZEQODHXNVQE_UHFFF,<rdkit.Chem.rdchem.Mol object at 0x169420740>,FALSE
nan,nan,nan,nan,nan,nan,-5.16512,4.651741,"A71x0884a,A71x0451a",CC(=O)N1CCCC(CSCCO)C1,A71x0310a,1,13,0,1,13,11,0,0,0,2,0,0,0,IJKVMQHRJHFECJ_UHFFF,<rdkit.Chem.rdchem.Mol object at 0x169420040>,FALSE
nan,nan,nan,nan,nan,nan,-5.342764,11.556133,"A71x0446a,A71x0515a",COC(CSC(C)C)OC,A71x0310a,2,8,0,2,8,8,0,0,0,0,0,0,0,GWBCDFDIIXDGKA_UHFFF,<rdkit.Chem.rdchem.Mol object at 0x1694200b0>,FALSE
nan,nan,nan,nan,nan,nan,-2.860754,18.587763,"A71x0446a,A71x0515a",CNC(=O)CSC(C)C,A71x0310a,1,8,0,1,8,8,0,0,0,0,0,0,0,VLZPTVWERIPUCW_UHFFF,<rdkit.Chem.rdchem.Mol object at 0x169420120>,FALSE
nan,nan,nan,nan,nan,nan,-4.082759,12.791557,"A71x0446a,A71x0515a",CC(C)SCC(N)=NO,A71x0310a,1,8,0,1,8,7,0,0,0,1,0,0,0,NYHGFBASBWPUPF_UHFFF,<rdkit.Chem.rdchem.Mol object at 0x169420190>,FALSE
nan,nan,nan,nan,nan,nan,-2.616585,26.838678,"A71x0446a,A71x0515a",CCCCCNCC,A71x0310a,0,8,0,0,8,8,0,0,0,0,0,0,0,ICVFPLUSMYSIFO_UHFFF,<rdkit.Chem.rdchem.Mol object at 0x169420200>,FALSE
nan,nan,nan,nan,nan,nan,-1.963249,17.174612,"A71x0416a,A71x0566a",CCCC(CC(=O)OC)OC(=O)C(F)C1CCCC1,A71x0310a,5,14,0,5,14,10,1,0,0,3,0,0,0,RDHCOVIKZOMVHZ_UHFFF,<rdkit.Chem.rdchem.Mol object at 0x169420270>,FALSE
nan,nan,nan,nan,nan,nan,-1.196678,9410.680327,"A71x0554a,A71x0351a",CCCCC(=O)NC1CCCCC1CN(C)C,A71x0310a,2,15,0,2,15,13,1,1,0,0,0,0,0,UEIZMUTXRMXALN_UHFFF,<rdkit.Chem.rdchem.Mol object at 0x16955d190>,FALSE
nan,nan,nan,nan,nan,nan,-0.891688,4903.465443,"A71x0554a,A71x0351a",CN(C)CC1CCCCC1NC(=O)CN=S(C)(C)=O,A71x0310a,1,18,0,1,18,13,0,5,0,0,0,0,0,HWTIOOSWYIHHGN_UHFFF,<rdkit.Chem.rdchem.Mol object at 0x16955d200>,FALSE
nan,nan,nan,nan,nan,nan,-2.31071,88.004214,"A71x0554a,A71x0351a",CSCCC(=O)NC1CCCCC1CN(C)C,A71x0310a,0,17,0,0,17,11,3,2,0,1,0,0,0,RSMLQFGDJSSXKW_UHFFF,<rdkit.Chem.rdchem.Mol object at 0x16955d270>,FALSE
nan,nan,nan,nan,nan,nan,-1.682255,7002.663408,"A71x0554a,A71x0351a",CCOC(=O)CC(=O)NC1CCCCC1CN(C)C,A71x0310a,1,18,0,1,18,11,5,2,0,0,0,0,0,NZDNZZCHBQWHQZ_UHFFF,<rdkit.Chem.rdchem.Mol object at 0x16955d2e0>,FALSE
nan,nan,nan,nan,nan,nan,-1.83488,4.856513,"A71x0554a,A71x0566a",CC1(C)OCC(COC2CCCC2)O1,A71x0310a,0,14,0,0,14,9,0,5,0,0,0,0,0,JVUYQEWPHFKOIQ_UHFFF,<rdkit.Chem.rdchem.Mol object at 0x16955d350>,FALSE
nan,nan,nan,nan,nan,nan,-2.248787,17.977776,"A71x0554a,A71x0566a",CC(C)(C)OCCOCC1CCOC1,A71x0310a,0,14,0,0,14,12,0,2,0,0,0,0,0,WAFCJSXAABUMFY_UHFFF,<rdkit.Chem.rdchem.Mol object at 0x16955d3c0>,FALSE