cnnaffinity,cnnaffinityIC50,smiles,origin,ref_pdb,butcher #BAD,butcher #GOOD,butcher #protein clash,butcher #solvent space,butcher #pocket,butcher #P1,butcher #P2,butcher #P1',butcher #P2',butcher #P3,butcher #P4,butcher #P5,butcher #P6,ref_mols,ID,ROMol,Kate_Good
-5.8829,1309.4834079858076 nanomolar,O=C1NC(=O)C2(CCN(C(=O)C3=CC=CC4=C3OCO4)CC2)N1,x0358-P2-elab.sdf,x0310,5,18,5,0,18,14,4,0,0,0,0,0,0,A71x0351a,Z700712754,<rdkit.Chem.rdchem.Mol object at 0x1693ef120>,TRUE
-5.85667,1391.009192366978 nanomolar,CC(NC(=O)C1=CC(Br)=CC2=C1OCO2)C1=NN=NN1C1CC1,x0358-P2-elab.sdf,x0310,5,18,3,2,18,12,5,1,0,0,0,0,0,A71x0351a,Z3939980768,<rdkit.Chem.rdchem.Mol object at 0x1693ef0b0>,FALSE
-5.84543,1427.4798941981692 nanomolar,CC(C)N(CCC1=NNN=N1)C(=O)CC1=CC=CC2=C1OCO2,x0358-P2-elab.sdf,x0310,5,18,3,2,18,11,1,6,0,0,0,0,0,A71x0351a,Z5413245914,<rdkit.Chem.rdchem.Mol object at 0x1693ef040>,TRUE
-5.81261,1539.5365361457957 nanomolar,O=C(NCC1=CC=CC2=C1OCO2)N1CCC2=C(C=C(Cl)S2)C1,x0358-P2-elab.sdf,x0310,0,23,0,0,23,11,0,7,5,0,0,0,0,A71x0351a,Z2433441736,<rdkit.Chem.rdchem.Mol object at 0x1693ef890>,TRUE
-5.80538,1565.3807901707244 nanomolar,CC(C)(NC(=O)C1=C2OC(F)(F)OC2=CC=C1Br)C1=NOC=N1,x0358-P2-elab.sdf,x0310,8,15,6,2,15,12,2,1,0,0,0,0,0,A71x0351a,Z5515073476,<rdkit.Chem.rdchem.Mol object at 0x1693ef4a0>,FALSE
-5.78796,1629.446103260897 nanomolar,NC1=NN=C(C2CCN(C(=O)C3=CC=CC4=C3OCO4)CC2)N1,x0358-P2-elab.sdf,x0310,3,20,3,0,20,14,6,0,0,0,0,0,0,A71x0351a,Z2233384408,<rdkit.Chem.rdchem.Mol object at 0x1693ef3c0>,TRUE
-5.77983,1660.2366624116466 nanomolar,O=C(NCC1=NNC=C1C1CC1)C1=C2OC(F)(F)OC2=CC=C1,x0358-P2-elab.sdf,x0310,5,18,3,2,18,12,6,0,0,0,0,0,0,A71x0351a,Z4046203212,<rdkit.Chem.rdchem.Mol object at 0x1693ef430>,FALSE
-5.75266,1767.4209558314603 nanomolar,CN(C)C(=O)C1(NC(=O)C2=C3OC(F)(F)OC3=CC=C2Br)CC1,x0358-P2-elab.sdf,x0310,5,18,4,1,18,14,2,2,0,0,0,0,0,A71x0351a,Z5506559082,<rdkit.Chem.rdchem.Mol object at 0x1693ef510>,FALSE
-5.75159,1771.7808362348512 nanomolar,C[C@H](NC(=O)C1=C2OC(F)(F)OC2=CC=C1Br)C1=NC=NN1C,x0358-P2-elab.sdf,x0310,5,18,4,1,18,13,4,1,0,0,0,0,0,A71x0351a,Z5604043259,<rdkit.Chem.rdchem.Mol object at 0x1693ef200>,FALSE
-5.74632,1793.4117052998124 nanomolar,CCC(NC(=O)C1=CC=CC2=C1OC(F)(F)O2)(C(N)=O)C(C)C,x0358-P2-elab.sdf,x0310,5,18,4,1,18,13,2,3,0,0,0,0,0,A71x0351a,Z2635938908,<rdkit.Chem.rdchem.Mol object at 0x1693ef350>,FALSE
-5.74602,1794.6509781976968 nanomolar,O=C(NCC1=NOC2(CCC2)C1)C1=CC(Br)=CC2=C1OCO2,x0358-P2-elab.sdf,x0310,4,18,4,0,18,13,5,0,0,0,0,0,0,A71x0351a,Z5339719725,<rdkit.Chem.rdchem.Mol object at 0x1693ef270>,FALSE
-5.74506,1798.6224090941696 nanomolar,CCCC1(NC(=O)C2=CC=CC3=C2OC(F)(F)O3)CCNC1=O,x0358-P2-elab.sdf,x0310,6,17,5,1,17,13,2,2,0,0,0,0,0,A71x0351a,Z5264898266,<rdkit.Chem.rdchem.Mol object at 0x1693ef6d0>,TRUE
-5.72953,1864.103406103479 nanomolar,O=C(C1=C2OCOC2=CC=C1Br)N1CCC(C2=NN=CN2)CC1,x0358-P2-elab.sdf,x0310,1,22,1,0,22,13,7,2,0,0,0,0,0,A71x0351a,Z4303140447,<rdkit.Chem.rdchem.Mol object at 0x1693ef7b0>,TRUE
-5.72617,1878.5813219926533 nanomolar,N#CC1(C2=NC(CC3=CC=CC4=C3OCO4)=NO2)CC12CCC2,x0358-P2-elab.sdf,x0310,2,21,2,0,21,10,0,5,6,0,0,0,0,A71x0351a,Z3368808819,<rdkit.Chem.rdchem.Mol object at 0x1693ef580>,FALSE
-5.72323,1891.3417090636938 nanomolar,CNS(=O)(=O)CC1CCCN1C(=O)C1=C2OCOC2=CC=C1Cl,x0358-P2-elab.sdf,x0310,3,20,2,1,20,14,2,4,0,0,0,0,0,A71x0351a,Z3352011666,<rdkit.Chem.rdchem.Mol object at 0x1693ede40>,TRUE
-5.71577,1924.1104575828485 nanomolar,O=C(C1=C2OCOC2=CC=C1Cl)N1CCCCC1C1=NNN=N1,x0358-P2-elab.sdf,x0310,1,22,1,0,22,15,3,4,0,0,0,0,0,A71x0351a,Z4396390663,<rdkit.Chem.rdchem.Mol object at 0x1693ed430>,FALSE
-5.70976,1950.922421489939 nanomolar,CC(C)[C@H](N)C1=CSC(NC(=O)CC2=CC=CC3=C2OCO3)=N1,x0358-P2-elab.sdf,x0310,2,21,2,0,21,11,0,6,4,0,0,0,0,A71x0351a,Z5463574230,<rdkit.Chem.rdchem.Mol object at 0x1693ed4a0>,FALSE
-5.70418,1976.1504245437357 nanomolar,N#CC(C#N)C1CCN(C(=O)C2=C3OCOC3=CC=C2Br)CC1,x0358-P2-elab.sdf,x0310,3,20,3,0,20,13,6,1,0,0,0,0,0,A71x0351a,Z4305125307,<rdkit.Chem.rdchem.Mol object at 0x1693ed970>,FALSE
-5.70352,1979.1558756425707 nanomolar,O=C1NCC2(CCN(C(=O)C3=CC(Br)=CC4=C3OCO4)CC2)O1,x0358-P2-elab.sdf,x0310,4,19,3,1,19,13,5,1,0,0,0,0,0,A71x0351a,Z3939196665,<rdkit.Chem.rdchem.Mol object at 0x1693ed510>,TRUE
-5.70287,1982.1202570852547 nanomolar,O=C(C1=C2OCOC2=CC=C1Cl)N1CCC2(CCNC2=O)CC1,x0358-P2-elab.sdf,x0310,3,20,3,0,20,13,5,2,0,0,0,0,0,A71x0351a,Z3363604494,<rdkit.Chem.rdchem.Mol object at 0x1693edf90>,FALSE
-6.22951,589.5084029766052 nanomolar,O=C(CN1N=NC(C2CC2)=N1)NC1=CC2=CC=CC=C2N=C1Br,x1097_x0310.sdf,x0310,3,20,1,2,20,12,4,4,0,0,0,0,0,A71x0310a,Z4383247673,<rdkit.Chem.rdchem.Mol object at 0x1693edf20>,FALSE
-6.22266,598.8802623214531 nanomolar,N#CC1(C(=O)NC2=CC3=CC=CC=C3N=C2Cl)CCCCC1,x1097_x0310.sdf,x0310,4,18,2,2,18,13,2,3,0,0,0,0,0,A71x0310a,Z4048901029,<rdkit.Chem.rdchem.Mol object at 0x1693edeb0>,FALSE
-6.18839,648.0522159742167 nanomolar,CC(C)C(C(=O)NC1=CC2=CC=CC=C2N=C1Br)N1C=NN=N1,x1097_x0310.sdf,x0310,5,18,2,3,18,13,2,3,0,0,0,0,0,A71x0310a,Z4383247638,<rdkit.Chem.rdchem.Mol object at 0x1693eddd0>,FALSE
-6.17705,665.1965682079727 nanomolar,CC(C)C(C(=O)NC1=CC2=CC=CC=C2N=C1Br)N1C=NC=N1,x1097_x0310.sdf,x0310,5,18,2,3,18,13,2,3,0,0,0,0,0,A71x0310a,Z4375780482,<rdkit.Chem.rdchem.Mol object at 0x1693edd60>,FALSE
-6.16229,688.1926024931407 nanomolar,O=C(NC1=CC2=CC=CC=C2N=C1Br)C1CCCC2=NC=NN21,x1097_x0310.sdf,x0310,5,18,2,3,18,13,3,2,0,0,0,0,0,A71x0310a,Z3084362121,<rdkit.Chem.rdchem.Mol object at 0x1693edcf0>,FALSE
-6.14051,723.5857409110256 nanomolar,O=C(CC1(C2=NNN=N2)CC1)NC1=CC2=CC(Br)=CC=C2N=C1,x1097_x0310.sdf,x0310,6,17,3,3,17,12,5,0,0,0,0,0,0,A71x0310a,Z4410448635,<rdkit.Chem.rdchem.Mol object at 0x1693edc80>,FALSE
-6.13619,730.8192865513232 nanomolar,O=C(NC1=CC2=CC=CC=C2N=C1Br)[C@@H]1CC[C@@H]1C1=NNC=N1,x1097_x0310.sdf,x0310,3,20,0,3,20,13,5,2,0,0,0,0,0,A71x0310a,Z5361339904,<rdkit.Chem.rdchem.Mol object at 0x1693edc10>,FALSE
-6.12865,743.6181819272585 nanomolar,CS(=O)(=O)C1(C(=O)NC2=CC3=CC=CC=C3N=C2Br)CCC1,x1097_x0310.sdf,x0310,4,18,3,1,18,14,2,2,0,0,0,0,0,A71x0310a,Z2673144408,<rdkit.Chem.rdchem.Mol object at 0x1693edba0>,TRUE
-6.09631,801.1060286645322 nanomolar,O=C1CCC(CCC(=O)NC2=CC3=CC=C(Br)C=C3N=C2Cl)C1,x1097_x0310.sdf,x0310,5,18,1,4,18,14,4,0,0,0,0,0,0,A71x0310a,Z4377310626,<rdkit.Chem.rdchem.Mol object at 0x1693edac0>,FALSE
-6.07597,839.5179763638066 nanomolar,O=C(CN1C=C(Cl)C=N1)NC1=CC2=CC=CC=C2N=C1Cl,x1097_x0310.sdf,x0310,3,18,0,3,18,12,4,2,0,0,0,0,0,A71x0310a,PV-005653042228,<rdkit.Chem.rdchem.Mol object at 0x1693eda50>,FALSE
-6.06683,857.3733893350019 nanomolar,N#CC1(C(=O)NC2=CC3=CC=CC=C3N=C2Cl)CC12CCC2,x1097_x0310.sdf,x0310,7,15,4,3,15,13,0,2,0,0,0,0,0,A71x0310a,Z4048899221,<rdkit.Chem.rdchem.Mol object at 0x1693ed9e0>,FALSE
-6.06033,870.3020369624551 nanomolar,O=C(NC1=CC2=CC=CC=C2N=C1Br)C1CCN2C=NN=C2C1,x1097_x0310.sdf,x0310,5,18,3,2,18,14,4,0,0,0,0,0,0,A71x0310a,Z4666025435,<rdkit.Chem.rdchem.Mol object at 0x1693ed900>,FALSE
-6.0532,884.70809287053 nanomolar,O=C(NC1=CC2=CC=CC=C2N=C1Br)C1CCCC2=NN=CN21,x1097_x0310.sdf,x0310,4,19,1,3,19,13,4,2,0,0,0,0,0,A71x0310a,Z4383247654,<rdkit.Chem.rdchem.Mol object at 0x1693ed890>,FALSE
-6.05234,886.4617480848485 nanomolar,CC1=CC2=CC(NC(=O)C(C3=NNC=N3)C(C)C)=CN=C2C=C1,x1097_x0310.sdf,x0310,6,17,2,4,17,12,2,3,0,0,0,0,0,A71x0310a,Z3714463543,<rdkit.Chem.rdchem.Mol object at 0x1693ed820>,FALSE
-6.0489,893.5111986052202 nanomolar,CC(C(=O)NC1=CC2=CC=CC=C2N=C1Cl)C1=NNN=N1,x1097_x0310.sdf,x0310,5,16,3,2,16,12,3,1,0,0,0,0,0,A71x0310a,PV-005417263170,<rdkit.Chem.rdchem.Mol object at 0x1693ed7b0>,FALSE
-6.0441,903.4414246950012 nanomolar,O=C(CC1=NNC(C2CC2)=N1)NC1=CN=C2C(F)=CC=CC2=C1,x1097_x0310.sdf,x0310,4,19,1,3,19,12,0,5,2,0,0,0,0,A71x0310a,Z3358472738,<rdkit.Chem.rdchem.Mol object at 0x1693ed660>,FALSE
-6.03949,913.0824595517249 nanomolar,N#CC1(CC(=O)NC2=CC3=CC=CC=C3N=C2Br)CCCCC1,x1097_x0310.sdf,x0310,5,18,1,4,18,12,4,2,0,0,0,0,0,A71x0310a,Z2673144643,<rdkit.Chem.rdchem.Mol object at 0x1693ed580>,TRUE
-6.03719,917.9309219545733 nanomolar,CC(C)C(C(=O)NC1=CC2=CC=CC=C2N=C1Cl)N1C=NC=N1,x1097_x0310.sdf,x0310,3,20,1,2,20,12,1,6,1,0,0,0,0,A71x0310a,Z4048901005,<rdkit.Chem.rdchem.Mol object at 0x1693ed740>,FALSE
-6.03033,932.5454339928841 nanomolar,O=C(NC1=CC2=CC(Br)=CC=C2N=C1)C1CCN2N=NN=C2C1,x1097_x0310.sdf,x0310,6,17,2,4,17,13,4,0,0,0,0,0,0,A71x0310a,Z3867944408,<rdkit.Chem.rdchem.Mol object at 0x1693ed5f0>,FALSE
-6.02837,936.7635850531849 nanomolar,CC1CC(=O)NC1C(=O)NC1=CN=C2C(F)=C(F)C=CC2=C1Cl,x1097_x0310.sdf,x0310,6,17,3,3,17,14,1,2,0,0,0,0,0,A71x0310a,Z3086180361,<rdkit.Chem.rdchem.Mol object at 0x1693ed6d0>,FALSE
-6.48334,328.59428061273564 nanomolar,CC1=CC(C)=C2C(C(=O)NCCN3C=C(C4CC4)N=N3)=CC(C3CC3)=NC2=C1,x1097-x0739-quinoline-P3.sdf,x0310,7,21,3,4,21,11,0,6,4,0,0,0,0,A71x0739a,PV-006665240382,<rdkit.Chem.rdchem.Mol object at 0x16939b190>,FALSE
-6.47735,333.1578110707929 nanomolar,CC1=CC(C)=C2C(C(=O)NCCC3=NOC(C4=CC=CC=N4)=N3)=CC(C3CC3)=NC2=C1,x1097-x0739-quinoline-P3.sdf,x0310,8,23,4,4,23,10,0,8,5,0,0,0,0,A71x0739a,Z1355820080,<rdkit.Chem.rdchem.Mol object at 0x16939bb30>,FALSE
-6.4421,361.32665452345185 nanomolar,CC=CC1=CN(CCNC(=O)C2=CC(C3CC3)=NC3=CC(C)=CC(C)=C23)N=N1,x1097-x0739-quinoline-P3.sdf,x0310,7,21,4,3,21,12,0,7,2,0,0,0,0,A71x0739a,PV-004577236880,<rdkit.Chem.rdchem.Mol object at 0x16939b2e0>,FALSE
-6.39416,403.4967118989989 nanomolar,CC1=CC(C)=C2C(C(=O)N3C4=CC=CC=C4NC(=O)C3C)=CC(C3CC3)=NC2=C1,x1097-x0739-quinoline-P3.sdf,x0310,8,21,4,4,21,14,4,3,0,0,0,0,0,A71x0739a,Z1457887361,<rdkit.Chem.rdchem.Mol object at 0x16939bac0>,FALSE
-6.38636,410.8090477225613 nanomolar,CC1=CC(C)=C2C(C(=O)N3CCOC4=NC=C(Br)C=C43)=CC(C3CC3)=NC2=C1,x1097-x0739-quinoline-P3.sdf,x0310,6,22,3,3,22,14,4,4,0,0,0,0,0,A71x0739a,Z1667922208,<rdkit.Chem.rdchem.Mol object at 0x16939b890>,FALSE
-6.33407,463.3722269381639 nanomolar,CCCCN1N=NN=C1CNC(=O)C1=CC(C2CC2)=NC2=CC(C)=CC(C)=C12,x1097-x0739-quinoline-P3.sdf,x0310,7,21,4,3,21,12,0,9,0,0,0,0,0,A71x0739a,Z1354868948,<rdkit.Chem.rdchem.Mol object at 0x16939b9e0>,FALSE
-6.32944,468.33865027993164 nanomolar,CC1=CC(C)=C2C(C(=O)NC[C@H](C)N3C=C(CO)N=N3)=CC(C3CC3)=NC2=C1,x1097-x0739-quinoline-P3.sdf,x0310,6,22,3,3,22,12,0,9,1,0,0,0,0,A71x0739a,PV-005666289285,<rdkit.Chem.rdchem.Mol object at 0x16939b7b0>,FALSE
-6.32863,469.2129609338617 nanomolar,CC1=CC(C)=C2C(C(=O)NCC3=CC=CC=C3CN3C=NC=N3)=CC(C3CC3)=NC2=C1,x1097-x0739-quinoline-P3.sdf,x0310,8,23,5,3,23,13,0,8,2,0,0,0,0,A71x0739a,Z1355126917,<rdkit.Chem.rdchem.Mol object at 0x16939b580>,FALSE
-6.32604,472.0195646529226 nanomolar,CC1=CC(C)=C2C(C(=O)N3CC(=O)NC4=CN=CC=C43)=CC(C3CC3)=NC2=C1,x1097-x0739-quinoline-P3.sdf,x0310,5,23,3,2,23,15,4,4,0,0,0,0,0,A71x0739a,Z1354893693,<rdkit.Chem.rdchem.Mol object at 0x16939b510>,FALSE
-6.29903,502.3078901241292 nanomolar,CC1=CC(C)=C2C(C(=O)N3CCN(C)C4=NC=CC=C43)=CC(C3CC3)=NC2=C1,x1097-x0739-quinoline-P3.sdf,x0310,7,21,3,4,21,14,5,2,0,0,0,0,0,A71x0739a,Z1355104027,<rdkit.Chem.rdchem.Mol object at 0x16939bc10>,FALSE
-6.23543,581.527155858236 nanomolar,CC1=CC(C)=C2C(C(=O)N3CCCC4=NN=CN43)=CC(C3CC3)=NC2=C1,x1097-x0739-quinoline-P3.sdf,x0310,3,23,2,1,23,17,5,1,0,0,0,0,0,A71x0739a,Z4270762792,<rdkit.Chem.rdchem.Mol object at 0x16939b970>,TRUE
-6.22714,592.7342188423507 nanomolar,CC1=CC(C)=C2C(C(=O)NCC3=CN(CC(C)C)N=N3)=CC(C3CC3)=NC2=C1,x1097-x0739-quinoline-P3.sdf,x0310,9,19,4,5,19,12,0,7,0,0,0,0,0,A71x0739a,PV-004592631936,<rdkit.Chem.rdchem.Mol object at 0x1693ddeb0>,FALSE
-6.22584,594.5111442741949 nanomolar,CC1=CC(C)=C2C(C(=O)NCC3=NN=C4CCC(C(F)(F)F)CN43)=CC(C3CC3)=NC2=C1,x1097-x0739-quinoline-P3.sdf,x0310,16,16,5,11,16,12,0,4,0,0,0,0,0,A71x0739a,Z1500141987,<rdkit.Chem.rdchem.Mol object at 0x1693ddc10>,FALSE
-6.22434,596.5680631500929 nanomolar,CC1=CC(C)=C2C(C(=O)OCC3=NC(CC(F)(F)F)=NO3)=CC(C3CC3)=NC2=C1,x1097-x0739-quinoline-P3.sdf,x0310,11,18,5,6,18,12,0,6,0,0,0,0,0,A71x0739a,Z1355374184,<rdkit.Chem.rdchem.Mol object at 0x1693dddd0>,FALSE
-6.2221,599.652985155335 nanomolar,CC1=CC(C)=C2C(C(=O)NCC3=CC=C(N4C=CN=C4C)N=C3)=CC(C3CC3)=NC2=C1,x1097-x0739-quinoline-P3.sdf,x0310,12,19,5,7,19,14,0,5,0,0,0,0,0,A71x0739a,Z1355138775,<rdkit.Chem.rdchem.Mol object at 0x1693ddcf0>,FALSE
-6.21945,603.3231640745115 nanomolar,CC1=CC(C)=C2C(C(=O)NC3=C(C#N)C(C)=NN3C)=CC(C3CC3)=NC2=C1,x1097-x0739-quinoline-P3.sdf,x0310,8,19,7,1,19,15,3,1,0,0,0,0,0,A71x0739a,Z2874108565,<rdkit.Chem.rdchem.Mol object at 0x1693dde40>,FALSE
-6.21745,606.1079772699769 nanomolar,CC1=CC(C)=C2C(C(=O)NCCC3=NC=C(F)C=C3F)=CC(C3CC3)=NC2=C1,x1097-x0739-quinoline-P3.sdf,x0310,9,19,5,4,19,11,0,6,2,0,0,0,0,A71x0739a,Z2187008200,<rdkit.Chem.rdchem.Mol object at 0x169304c10>,FALSE
-6.20774,619.8120282095713 nanomolar,COC(C)C1=NC(CNC(=O)C2=CC(C3CC3)=NC3=CC(C)=CC(C)=C23)=CS1,x1097-x0739-quinoline-P3.sdf,x0310,12,16,7,5,16,11,0,5,0,0,0,0,0,A71x0739a,Z1371032047,<rdkit.Chem.rdchem.Mol object at 0x169304c80>,FALSE
-6.2038,625.4606617424877 nanomolar,CC1=CC(C)=C2C(C(=O)NCC3(NC(=O)CC#N)CC3)=CC(C3CC3)=NC2=C1,x1097-x0739-quinoline-P3.sdf,x0310,9,19,6,3,19,13,1,5,0,0,0,0,0,A71x0739a,PV-004582511652,<rdkit.Chem.rdchem.Mol object at 0x169436b30>,FALSE
-6.20006,630.8701805228623 nanomolar,CC1=CC(C)=C2C(C(=O)NC3CCCN4N=C(C)N=C34)=CC(C3CC3)=NC2=C1,x1097-x0739-quinoline-P3.sdf,x0310,7,21,3,4,21,12,0,9,0,0,0,0,0,A71x0739a,Z1360032696,<rdkit.Chem.rdchem.Mol object at 0x169436c10>,FALSE
-6.1348,733.1620890272109 nanomolar,C[C@H](OC1=CN=C2C=CC=CC2=C1)C(=O)N1CCC(NS(N)(=O)=O)CC1,x1097-x0922.sdf,x0310,9,17,6,3,17,11,5,1,0,0,0,0,0,A71x0922a,Z2720830794,<rdkit.Chem.rdchem.Mol object at 0x169436cf0>,FALSE
-6.12086,757.0769084490531 nanomolar,C[C@H](OC1=CN=C2C=CC=CC2=C1)C(=O)NS(=O)(=O)C1=CN=CC(Br)=C1,x1097-x0922.sdf,x0310,5,21,5,0,21,15,6,0,0,0,0,0,0,A71x0922a,Z1962480676,<rdkit.Chem.rdchem.Mol object at 0x169436dd0>,FALSE
-6.08172,828.4761298637156 nanomolar,C[C@H](OC1=CN=C2C=CC=CC2=C1)C(=O)N1CCNC2=CN=CN=C21,x1097-x0922.sdf,x0310,8,17,4,4,17,13,3,1,0,0,0,0,0,A71x0922a,PV-003443640447,<rdkit.Chem.rdchem.Mol object at 0x169436eb0>,TRUE
-6.01395,968.389339786518 nanomolar,C[C@H](OC1=CN=C2C=CC=CC2=C1)C(=O)NS(=O)(=O)CC(C)(C)C#N,x1097-x0922.sdf,x0310,7,18,7,0,18,14,4,0,0,0,0,0,0,A71x0922a,Z1962934503,<rdkit.Chem.rdchem.Mol object at 0x169436f90>,FALSE
-6.01054,976.0228832606103 nanomolar,C[C@H](OC1=CN=C2C=CC=CC2=C1)C(=O)N1CCC(N)(C(N)=O)CC1,x1097-x0922.sdf,x0310,9,16,6,3,16,11,4,1,0,0,0,0,0,A71x0922a,PV-003719802724,<rdkit.Chem.rdchem.Mol object at 0x1694450b0>,FALSE
-6.00663,984.8497976171691 nanomolar,C[C@H](OC1=CN=C2C=CC=CC2=C1)C(=O)N1CCCC(CS(N)(=O)=O)C1,x1097-x0922.sdf,x0310,10,16,7,3,16,11,4,1,0,0,0,0,0,A71x0922a,Z1941884464,<rdkit.Chem.rdchem.Mol object at 0x169445190>,FALSE
-6.00069,998.4124777345353 nanomolar,CC1=NOC2(CCN(C(=O)[C@H](C)OC3=CN=C4C=CC=CC4=C3)CC2)C1,x1097-x0922.sdf,x0310,11,15,8,3,15,11,3,1,0,0,0,0,0,A71x0922a,Z3715991847,<rdkit.Chem.rdchem.Mol object at 0x169445270>,FALSE
-5.95412,1111.4245868882422 nanomolar,C[C@H](OC1=CN=C2C=CC=CC2=C1)C(=O)N1C2=NC=CC=C2OC[C@H]1C,x1097-x0922.sdf,x0310,9,17,5,4,17,13,3,1,0,0,0,0,0,A71x0922a,Z5346191781,<rdkit.Chem.rdchem.Mol object at 0x169445350>,FALSE
-5.9391,1150.5354378671673 nanomolar,CC(C1=NNN=N1)N(C(=O)[C@H](C)OC1=CN=C2C=CC=CC2=C1)C1CC1,x1097-x0922.sdf,x0310,9,17,6,3,17,11,4,2,0,0,0,0,0,A71x0922a,Z4449813055,<rdkit.Chem.rdchem.Mol object at 0x169445430>,FALSE
-5.93772,1154.197156397432 nanomolar,C[C@H](OC1=CN=C2C=CC=CC2=C1)C(=O)N1CCCC(CC(N)=O)CC1,x1097-x0922.sdf,x0310,9,17,6,3,17,11,5,1,0,0,0,0,0,A71x0922a,Z2054438294,<rdkit.Chem.rdchem.Mol object at 0x169445510>,FALSE
-5.92069,1200.3558130584815 nanomolar,CSCCCS(=O)(=O)NC(=O)[C@H](C)OC1=CN=C2C=CC=CC2=C1,x1097-x0922.sdf,x0310,4,20,4,0,20,14,6,0,0,0,0,0,0,A71x0922a,Z4188189473,<rdkit.Chem.rdchem.Mol object at 0x1694455f0>,FALSE
-5.91715,1210.1800799675455 nanomolar,C[C@H](OC1=CN=C2C=CC=CC2=C1)C(=O)N1CCS(=O)(=NC(N)=O)CC1,x1097-x0922.sdf,x0310,9,17,6,3,17,11,5,1,0,0,0,0,0,A71x0922a,PV-006863230075,<rdkit.Chem.rdchem.Mol object at 0x1694456d0>,FALSE
-5.91012,1229.92888194808 nanomolar,C[C@H](OC1=CN=C2C=CC=CC2=C1)C(=O)NS(=O)(=O)C1=C(Br)C=CS1,x1097-x0922.sdf,x0310,3,22,3,0,22,16,6,0,0,0,0,0,0,A71x0922a,Z1962495039,<rdkit.Chem.rdchem.Mol object at 0x1694457b0>,FALSE
-5.90331,1249.3669120335314 nanomolar,CC(=O)NCC1CCN(C(=O)[C@H](C)OC2=CN=C3C=CC=CC3=C2)CC1,x1097-x0922.sdf,x0310,9,17,6,3,17,11,5,1,0,0,0,0,0,A71x0922a,Z1939735778,<rdkit.Chem.rdchem.Mol object at 0x169445890>,TRUE
-5.89154,1283.6895328522203 nanomolar,C[C@H](OC1=CN=C2C=CC=CC2=C1)C(=O)NCC1=NNC(=O)N1C1CC1,x1097-x0922.sdf,x0310,7,19,5,2,19,13,6,0,0,0,0,0,0,A71x0922a,PV-002389805553,<rdkit.Chem.rdchem.Mol object at 0x169445970>,FALSE
-5.88866,1292.2305377759992 nanomolar,C[C@H](OC1=CN=C2C=CC=CC2=C1)C(=O)N1CCC(C#N)(C#N)CC1,x1097-x0922.sdf,x0310,8,17,5,3,17,11,5,1,0,0,0,0,0,A71x0922a,Z5328188653,<rdkit.Chem.rdchem.Mol object at 0x169445a50>,FALSE
-5.88234,1311.1730073825515 nanomolar,C[C@H](OC1=CN=C2C=CC=CC2=C1)C(=O)N1CCC2=C(CC1)C(O)=NN2,x1097-x0922.sdf,x0310,8,18,4,4,18,11,6,1,0,0,0,0,0,A71x0922a,PV-007132645701,<rdkit.Chem.rdchem.Mol object at 0x169445b30>,FALSE
-5.88152,1313.6509977029784 nanomolar,O=C(COC1=CN=C2C(Br)=CC=CC2=C1)NCC1=CC=CC=C1[N+](=O)[O-],x1097-x0922.sdf,x0310,8,18,5,3,18,13,5,0,0,0,0,0,0,A71x0922a,Z2010660882,<rdkit.Chem.rdchem.Mol object at 0x169445c10>,FALSE
-5.87625,1329.6887672437945 nanomolar,C[C@H](OC1=CN=C2C=CC=CC2=C1)C(=O)N1CCC(C(F)C(N)=O)CC1,x1097-x0922.sdf,x0310,11,15,8,3,15,11,3,1,0,0,0,0,0,A71x0922a,Z2915575754,<rdkit.Chem.rdchem.Mol object at 0x169445cf0>,FALSE
-5.86973,1349.8017908310146 nanomolar,C[C@H](OC1=CN=C2C=CC=CC2=C1)C(=O)N1CCC(C2CC2(F)F)CC1,x1097-x0922.sdf,x0310,9,17,6,3,17,11,5,1,0,0,0,0,0,A71x0922a,PV-002467298990,<rdkit.Chem.rdchem.Mol object at 0x169445dd0>,FALSE